ISIN,SYMBOL
INE144J01019,20MICRONS
INE748C01020,3IINFOTECH
INE470A01017,3MINDIA
INE619I01012,A2ZINFRA
INE928K01013,DRDATSONS
INE767A01016,AARTIDRUGS
INE769A01020,AARTIIND
INE273D01019,AARVEEDEN
INE421A01028,ABAN
INE117A01022,ABB
INE358A01014,ABBOTINDIA
INE605B01016,ABCIL
INE067H01016,ABGSHIP
INE004I01017,ABHISHEK
INE069A01017,ABIRLANUVO
INE012A01025,ACC
INE731H01025,ACE
INE703H01016,HUBTOWN
INE055L01013,ACROPETAL
INE423A01024,ADANIENT
INE814H01011,ADANIPOWER
INE982B01019,ADFFOODS
INE400H01019,ADHUNIK
INE045A01017,ADORWELD
INE102I01027,ADSL
INE517H01010,ADVANTA
INE208C01017,AEGISCHEM
INE020G01017,INSPIRISYS
INE796A01023,AFTEK
INE676A01019,BBOX
INE360L01017,FMNL
INE135B01014,AGRODUTCH
INE926K01017,AHLEAST
INE758C01029,AHLUCONT
INE915K01010,AHLWEST
INE425A01011,METALFORGE
INE212H01026,AIAENG
INE768E01024,AICHAMP
INE031B01015,AJANTPHARM
INE298G01027,AJMERA
INE523B01011,AKSHOPTFBR
INE133A01011,AKZOINDIA
INE428A01015,ALBK
INE964B01033,ALCHEM
INE426A01027,ALEMBICLTD
INE427A01017,ALFALAVAL
INE062D01024,ALICON
INE773I01017,ALKALI
INE150B01013,ALKYLAMINE
INE418H01029,ALLCARGO
INE835G01018,ALLSEC
INE326B01027,ALMONDZ
INE270A01011,ALOKTEXT
INE385I01010,ALPA
INE137C01018,ALPHAGEO
INE093B01015,ALPSINDUS
INE787G01011,AMAR
INE885A01024,AMARAJABAT
INE484D01012,AMARJOTHI
INE540G01014,AMBIKCO
INE079A01024,AMBUJACEM
INE005I01014,AMDIND
INE577F01018,AMLSTEEL
INE098F01015,AMRUTANJAN
INE130C01021,AMTEKAUTO
INE068D01021,CASTEXTECH
INE242C01024,ANANTRAJ
INE434A01013,ANDHRABANK
INE666E01012,ANDHRACEMT
INE715B01013,ANDHRSUGAR
INE017D01010,ANGIND
INE087B01017,ANIKINDS
INE238D01012,ANKURDRUGS
INE436A01026,ANSALAPI
INE880B01015,ANSALHSG
INE414B01021,ANTGRAPHIC
INE372A01015,APARINDS
INE116A01016,APCOTEXIND
INE878A01011,GEPIL
INE273A01015,APLAB
INE437A01024,APOLLOHOSP
INE438A01022,APOLLOTYRE
INE435A01028,ANDHRAPAP
INE266F01018,APTECHT
INE544K01026,AQUA
INE877I01016,ARCHIDPLY
INE731A01020,ARCHIES
INE200A01026,GET&D
INE298I01015,ARIES
INE413D01011,ARIHANT
INE211C01029,ARL
INE210C01013,AROGRANITE
INE933J01015,ARROWTEX
INE968D01022,ARSHIYA
INE267I01010,ARSSINFRA
INE034A01011,ARVIND
INE439A01020,ASAHIINDIA
INE900C01027,ASAL
INE348A01023,ASHAPURMIN
INE714F01033,ASHCONIUL
INE440A01010,ASHIMASYN
INE442H01011,ASHOKA
INE208A01029,ASHOKLEY
INE441A01026,ASIANELEC
INE363A01022,ASIANHOTNR
INE021A01018,ASIANPAINT
INE022I01019,ASIANTILES
INE442A01024,ASSAMCO
INE563J01010,ASTEC
INE900K01012,SHRIASTER
INE006I01020,ASTRAL
INE386C01029,ASTRAMICRO
INE203A01020,ASTRAZEN
INE209A01019,ATFL
INE285H01022,ATLANTAA
INE446A01017,ATLASCYCLE
INE803A01027,ATNINTER
INE100A01010,ATUL
INE132H01018,AURIONPRO
INE406A01037,AUROPHARMA
INE218C01016,AUSOMENT
INE455J01027,AUSTRAL
INE449A01011,AUTOAXLES
INE718H01014,AUTOIND
INE448A01013,AUTOLITIND
INE871C01012,AVANTIFEED
INE058A01010,SANOFI
INE488D01013,AVTNPL
INE555B01013,AXISCADES
INE238A01026,AXISBANK
INF846K01347,AXISGOLD
INE116D01028,BAGFILMS
INE917I01010,BAJAJ-AUTO
INE933K01021,BAJAJCON
INE193E01025,BAJAJELEC
INE918I01018,BAJAJFINSV
INE306A01021,BAJAJHIND
INE118A01012,BAJAJHLDNG
INE296A01016,BAJFINANCE
INE794B01026,BALAJITELE
INE050E01027,BALAMINES
INE787D01026,BALKRISIND
INE294A01037,BALLARPUR
INE164A01016,BALMLAWRIE
INE083D01012,BALPHARMA
INE119A01028,BALRAMCHIN
INE459A01010,BANARISUG
INE213C01025,BANCOINDIA
INE863I01016,BANG
INE028A01013,BANKBARODA
INF732E01078,BANKBEES
INE084A01016,BANKINDIA
INE629D01012,BANSWRAS
INE855F01034,BARTRONICS
INE373A01013,BASF
INE186H01014,BASML
INE176A01010,BATAINDIA
INE177C01022,BATLIBOI
INE462A01022,BAYERCROP
INE464A01028,BBL
INE050A01017,BBTC
INE520H01014,BEARDSELL
INE287A01015,BECREL
INE844K01012,BEDMUTHA
INE263A01016,BEL
INE403A01026,BELLCERATL
INE258A01016,BEML
INE922A01025,BEPL
INE463A01020,BERGEPAINT
INE878K01010,BFINVEST
INE243D01012,BFUTILITIE
INE661I01014,BGRENERGY
INE797H01018,TGBHOTELS
INE458B01028,BHAGYNAGAR
INE465A01025,BHARATFORG
INE561C01019,BHARATGEAR
INE838B01013,BHARATRAS
INE397D01024,BHARTIARTL
INE673G01013,BHARATIDIL
INE257A01018,BHEL
INE824B01021,TATASTLBSL
INE828A01016,BIL
INE607L01011,BILENERGY
INE952D01018,BILPOWER
INE469A01019,BIMETAL
INE071A01013,BINANIIND
INE143A01010,OSWALGREEN
INE376G01013,BIOCON
INE340A01012,BIRLACORPN
INE655I01024,BIRLACOT
INE800A01015,BIRLACABLE
INE865C01022,BIRLAMONEY
INE224B01024,BIRLAPOWER
INE791A01024,BLBLIMITED
INE416D01022,BLISSGVS
INE350H01032,BLKASHYAP
INE657B01025,BLUECHIP
INE233B01017,BLUEDART
INE472A01039,BLUESTARCO
INE504B01011,BLUESTINFO
INE473A01011,LINDEINDIA
INE032A01015,BOMDYEING
INE323A01026,BOSCHLTD
INE029A01011,BPCL
INE110A01019,BPL
INE317J01011,BRANDHOUSE
INE589G01011,BRFL
INE791I01019,BRIGADE
INE216A01022,BRITANNIA
INE698H01018,BROADCAST
INE395A01016,BSELINFRA
INE594B01012,BSL
INF209K01HT2,BSLGOLDETF
INE043K01011,BSLIMITED
INE817H01014,BURNPUR
INE139I01011,BVCL
INE010B01019,CADILAHC
INE910H01017,CAIRN
INE526B01014,CALSOFT
INE692G01013,XCHANGING
INE760A01029,KOKUYOCMLN
INE476A01014,CANBK
INE874H01015,CANDC
INE477A01012,CANFINHOME
INE068L01016,CANTABIL
INE120A01026,CARBORUNIV
INE198A01014,CAROLINFO
INE172A01019,CASTROL
INE429I01024,CCCL
INE421D01014,CCL
INE482A01020,CEATLTD
INE209L01016,JWL
INE185H01016,CELEBRITY
INE221I01017,CELESTIAL
INE485A01015,CENTENKA
INE281A01026,CENTEXT
INE483A01010,CENTRALBK
INE320B01020,CENTUM
INE348B01021,CENTURYPLY
INE055A01016,CENTURYTEX
INE739E01017,CERA
INE486A01013,CESC
INE085A01013,CHAMBLFERT
INE479E01028,CHEMFALKAL
INE488A01027,CHEMPLAST
INE178A01016,CHENNPETRO
INE217C01018,CHESLINTEX
INE121A01016,CHOLAFIN
INE672K01017,CILNOVA
INE704H01014,CINEMAX
INE039B01026,CINEVISTA
INE059A01026,CIPLA
INE987C01024,CLASSIC
INE492A01029,HEUBACHIND
INE779B01019,CLUTCHAUTO
INE378J01013,CMAHENDRA
INE314A01017,CMC
INE522F01014,COALINDIA
INE259A01022,COLPAL
INE070C01029,COMPINFO
INE111A01017,CONCOR
INE025A01027,CONSOFINVT
INE108J01030,CORAL-HUB
INE792I01017,CORDSCABLE
INE247G01024,COREEDUTEC
INE169A01031,COROMANDEL
INE112A01015,CORPBANK
INE757A01017,COSMOFIRST
INE008I01026,COX&KINGS
INE521J01018,CAREERP
INE230B01021,CREATIVEYE
INE774A01012,CRESTANI
INE514G01019,CREWBOS
INE007A01017,CRISIL
INE067A01029,CGPOWER
INE592I01011,CRONIMET
INE627H01017,CTE
INE491A01021,CUB
INE144D01012,CUBEXTUB
INE298A01020,CUMMINSIND
INE117B01012,CURATECH
INE278G01037,CYBERMEDIA
INE214A01019,CYBERTECH
INE818H01012,DAAWAT
INE016A01026,DABUR
INE439L01019,DALMIABHA
INE495A01022,DALMIASUG
INE365B01017,DATAMATICS
INE950I01011,DBCORP
INE879I01012,DBREALTY
INE503A01015,DCBBANK
INE137G01027,DCHL
INE498A01018,DCM
INE499A01024,DCMSHRIRAM
INE500A01029,DCW
INE583C01013,DECCANCE
INE172I01012,DECOLIGHT
INE501A01019,DEEPAKFERT
INE288B01011,DEEPAKNTR
INE677H01012,DEEPENR
INE124G01033,DELTACORP
INE947J01015,DEN
INE077A01010,DENABANK
INE244A01016,DENORA
INE502A01017,DENSO
INE202B01012,DHFL
INE041A01016,DHAMPURSUG
INE680A01011,DHANBANK
INE406H01016,DHANUS
INE988C01014,DHARSUGAR
INE320L01011,DHUNINV
INE989C01012,DIAPOWER
INE303A01010,DICIND
INE471A01023,DIGJAM
INE353G01020,DISHMAN
INE836F01026,DISHTV
INE361B01024,DIVISLAB
INE271C01023,DLF
INE250K01012,DLINKINDIA
INE920A01011,DOLPHINOFF
INE668D01028,DONEAR
INE360C01016,DPSCLTD
INE477B01010,DVL
INE656K01010,DQE
INE506A01018,DREDGECORP
INE089A01023,DRREDDY
INE891A01014,DSKULKARNI
INE508A01014,DUNCANSIND
INE366A01033,DWARKESH
INE221B01012,DYNAMATECH
INE417B01032,DYNASYS
INE962C01027,EASTSILK
INE268C01029,EASUNREYRL
INE588B01014,ECEIND
INE738I01010,ECLERX
INE532F01054,EDELWEISS
INE180G01019,EDL
INE889J01019,EDSERV
INE216H01027,EDUCOMP
INE066A01013,EICHERMOT
INE126A01031,EIDPARRY
INE276C01014,EIHAHOTELS
INE230A01023,EIHOTEL
INE158B01016,EIMCOELECO
INE184H01027,EKC
INE975A01015,ELDERPHARM
INE205B01023,ELECON
INE086A01029,ELECTCAST
INE822G01016,ELECTHERM
INE158F01017,ELFORGE
INE285A01027,ELGIEQUIP
INE033C01019,ELNET
INE778K01012,EMAMIREAL
INE548C01032,EMAMILTD
INE078A01026,EMCO
INE296H01011,EMKAY
INE753K01015,EMMBI
INE928B01012,EMPEESUG
INE306C01019,ENERGYDEV
INE510A01028,ENGINERSIN
INE265F01028,ENIL
INE826A01028,ENTEGRA
INE039E01020,ERAINFRA
INE416L01017,EROSMEDIA
INE284A01012,ESABINDIA
INE042A01014,ESCORTS
INE481K01013,ESL
INE011A01019,ESSAROIL
INE282A01024,ESSARPORTS
INE825H01017,ESSDEE
INE255A01020,EPL
INE778B01029,ESTER
INE649H01011,EUROCERA
INE063J01011,EUROMULTI
INE022C01012,EUROTEXIND
INE128A01029,EVEREADY
INE295A01018,EVERESTIND
INE678H01010,EVERONN
INE961H01028,EVINIX
INE223G01017,EXCELCROP
INE369A01029,EXCELINDUS
INE688J01015,EXCEL
INE302A01020,EXIDEIND
INE188A01015,FACT
INE513A01014,SCHAEFFLER
INE886G01011,FAME
INE890I01035,FARMAXIND
INE688I01017,CAPF
INE512B01022,FCSSOFT
INE258B01022,FDC
INE249C01011,FEDDERELEC
INE171A01011,FEDERALBNK
INE737H01014,FIEMIND
INE111B01023,63MOONS
INE235A01022,FINCABLES
INE183A01016,FINPIPE
INE492B01019,FIRSTLEASE
INE315J01015,FIRSTWIN
INE575G01010,FKONCO
INE529A01010,FMGOETZE
INE061F01013,FORTIS
INE519A01011,FOSECOIND
INE218G01017,PALRED
INE684F01012,FSL
INF090I01049,FTCSF5YDIV
INE220J01017,FUTUREVENT
INE524A01029,GABRIEL
INE036B01022,GAEL
INE129A01019,GAIL
INE482J01013,GAL
INE297H01019,GALLANTT
INE528K01011,GALLISPAT
INE181G01025,AJRINFRA
INE259B01020,GAMMONIND
INE524B01027,GANDHITUBE
INE460C01014,GANESHHOUC
INE670B01028,GANGOTRI
INE526A01016,GARDENSILK
INE276A01018,GARFIBRES
INE152B01027,ACLGATI
INE852F01015,GDL
INE916G01016,GEECEE
INE599B01011,GEINDSYS
INE878C01033,GEMINI
INE727B01026,GENESYS
INE955D01029,GENUSPOWER
INE371D01029,GEODESIC
INE007B01023,GEOJITFSL
INE797A01021,GEOMETRIC
INE017A01032,GESHIP
INE539A01019,GHCL
INE289B01019,GICHSGFIN
INE047B01011,GILLANDERS
INE322A01010,GILLETTE
INE424C01010,GINNIFILA
INE162A01010,GIPCL
INE065J01016,TPHQ
INE346H01014,GITANJALI
INE265D01015,GKB
INE528A01020,GKWLIMITED
INE159A01016,GLAXO
INE935A01035,GLENMARK
INE540A01017,GLFL
INE792H01019,GLOBALVECT
INE446C01013,GLOBOFFS
INE615I01010,GLOBUSSPR
INE932G01021,GLODYNE
INE408H01012,GLORY
INE075D01018,GMBREW
INE131A01031,GMDCLTD
INE776C01039,GMRINFRA
INE113A01013,GNFC
INE426D01013,GOACARBON
INE260B01010,GODFRYPHLP
INE102D01028,GODREJCP
INE233A01035,GODREJIND
INE484J01019,GODREJPROP
INE516K01016,GOENKA
INE887G01027,GOKEX
INE020J01029,GOKUL
INF732E01102,GOLDBEES
INE973A01010,GOLDENTOBC
INE025B01017,GOLDIAM
INE260D01016,OLECTRA
INF789F01059,GOLDSHARE
INE805A01014,GOLDTECH
INE177H01013,GPIL
INE517F01014,GPPL
INE012D01011,GRABALALK
INE101D01012,GRANULES
INE371A01025,GRAPHITE
INE047A01013,GRASIM
INE024L01019,GRAVITA
INE224A01026,GREAVESCOT
INE461C01020,GREENPLY
INE999K01014,GREENPOWER
INE536A01023,GRINDWELL
INE580B01011,GRUH
INE026A01017,GSFC
INE264A01014,GSKCONS
INE787A01022,GSLNOVA
INE246F01010,GSPL
INE871H01011,GSS
INE043A01012,GTL
INE221H01019,GTLINFRA
INE537A01013,GTNIND
INE302H01017,GTNTEX
INE892H01017,GTOFFSHORE
INE742B01025,GUFICBIO
INE186A01019,GUJALKALI
INE826C01016,GUJAPOLLO
INE538A01037,GFLLIMITED
INE110D01013,GUJNRECOKE
IN9110D01011,GUJNREDVR
INE374A01029,GUJRATGAS
INE542A01013,GUJSIDHCEM
INE077F01027,GULFOILCOR
INE251H01024,GVKPIL
INE455B01016,PHOENIXLL
INE648H01013,HANUNG
INE939D01015,HARITASEAT
INE544A01019,HARRMALAYA
INE982F01028,HATHWAY
INE176B01026,HAVELLS
INE292B01021,HBLPOWER
INE550B01014,HBSTOCK
INE549A01026,HCC
INE019C01026,HSCL
INE236A01020,HCL-INSYS
INE860A01027,HCLTECH
INE001A01036,HDFC
INE040A01018,HDFCBANK
INF179K01CN1,HDFCMFGETF
INE191I01012,HDIL
INE545A01016,HEG
INE578A01017,HEIDELBERG
INE674B01012,HELIOSMATH
INE688E01024,HERCULES
INE978A01019,HERITGFOOD
INE158A01026,HEROMOTOCO
INE093A01033,HEXAWARE
INE548A01028,HFCL
INE170I01016,HGS
INE475B01014,HIKAL
INE788H01017,HILTON
INE049A01027,HIMATSEIDE
INE038A01020,HINDALCO
INE310C01011,HINDCOMPOS
INE531E01026,HINDCOPPER
INE551A01022,HINDDORROL
INE253A01025,HINDMOTORS
INE952A01022,HINDNATGLS
INE345A01011,HINDOILEXP
INE094A01015,HINDPETRO
INE291F01016,HINDUJAFO
INE353A01023,NDLVENTURE
INE030A01027,HINDUNILVR
INE267A01025,HINDZINC
INE835D01023,HIRECT
INE782A01015,JCHAC
INE127B01011,HITECHGEAR
INE120D01012,HITECHCORP
INE262A01018,HMT
INE871K01015,HMVL
INF732E01227,HNGSNGBEES
INE048A01011,HOCL
INE671A01010,HONAUT
INE634A01018,HONDAPOWER
INE940H01014,PGIL
INE429F01012,SKIL
INE102A01024,HLVLTD
INE275F01019,UNIVAFOODS
INE596H01014,HOVS
INE415A01038,AGI
INE501G01024,HTMEDIA
INE557A01011,HIL
INE473D01015,KINGFA
INE886H01027,TV18BRDCST
INE399K01017,RTNPOWER
INE069I01010,EMBDL
INE274G01010,DHANI
INE090A01013,ICICIBANK
INE483B01018,ICIL
INE725G01011,ICRA
INE306B01029,ICSA
INE008A01015,IDBI
INE669E01016,IDEA
INE043D01016,IDFC
INE076C01018,IFBAGRO
INE559A01017,IFBIND
INE039A01010,IFCI
INE023B01012,IFGLREFRAC
INE188B01013,IGARASHI
INE203G01019,IGL
INE204A01010,IGPL
INE886A01014,IITL
INE369I01014,IL&FSENGG
INE975G01012,IL&FSTRANS
INE919H01018,IMFA
INE547E01014,IMPAL
INE691G01015,IMPEXFERRO
INE841B01017,INDBANK
INE053A01029,INDHOTEL
INE894F01025,INDIABULLS
INE383A01012,INDIACEM
INE560A01015,INDIAGLYCO
INE530B01024,IIFL
INE562A01011,INDIANB
INE061A01014,INDIANCARD
INE323C01030,INDIANHUME
INE065B01013,INDLMETER
INE092B01017,INDNIPPON
INE076H01017,EONELECT
INE873D01016,INDOCO
INE156A01020,INDORAMA
INE866K01015,INDOSOLAR
INE332H01014,INDOTECH
INE227G01018,INDOWIND
INE681B01017,INDRAMEDCO
INE915B01019,INDSWFTLAB
INE788B01028,INDSWFTLTD
INE611L01013,INDTERRAIN
INE025I01012,INDUSFILA
INE095A01012,INDUSINDBK
INE189B01011,STYRENIX
INE486J01014,INFINITE
INE804D01011,INFODRIVE
INE669A01022,INFOMEDIA
INE009A01021,INFY
INE136B01020,CYIENT
INF732E01268,INFRABEES
INE177A01018,INGERRAND
INE166A01011,INGVYSYABK
INE549I01011,INNOIND
INE312H01016,INOXLEISUR
INE070I01018,INSECTICID
INE565A01014,IOB
INE242A01010,IOC
INE485C01011,IOLCP
INE517C01011,IOLN
INE571A01020,IPCALAB
INF109K01FV4,IGOLD
INE558A01019,IPRINGLTD
INE821I01014,IRB
INE566K01011,ISFT
INE732F01019,ISMTLTD
INE136A01022,JSWISPAT
INE154A01025,ITC
INE686A01018,ITDCEM
INE248A01017,ITI
INE050B01023,IVC
INE043C01018,IVP
INE414I01018,IVRCLAH
INE875A01025,IVRCLINFRA
INE168A01017,J&KBANK
INE199G01027,JAGRAN
INE048B01027,JAGSNPHARM
INE091G01018,JAIBALAJI
INE070D01027,JAICORPLTD
INE486B01011,JAINSTUDIO
INE039C01016,JAMNAAUTO
INE785A01026,JAYAGROGN
INE571B01028,JAYBARMARU
INE854B01010,JAYNECOIND
INE364A01020,JAYSREETEA
INE572A01028,JBCHEPHARM
INE187A01017,JBFIND
INE927D01010,JBMA
INE264B01020,JCTEL
INE819B01021,JENSONICOL
INE802G01018,JETAIRWAYS
INE544H01014,JHS
INE026B01049,JIKIND
INE796G01012,JINDALPHOT
INE197D01010,JINDALPOLY
INE324A01024,JINDALSAW
INE749A01030,JINDALSTEL
INE824G01012,JSWHL
INE904J01016,JINDCOT
INE742C01031,JINDRILL
INE247D01013,JINDWORLD
INE175A01038,JISLJALEQS
INE823G01014,JKCEMENT
INE576I01014,JKIL
INE786A01032,JKLAKSHMI
INE789E01012,JKPAPER
INE573A01034,JKTYRE
INE890A01016,JMCPROJECT
INE780C01023,JMFINANCIL
INE988E01010,JMTAUTOLTD
INE839G01010,JOCIL
INE455F01025,JPASSOCIAT
INE099J01015,JPINFRATEC
INE351F01018,JPPOWER
INE220G01021,JSL
INE121E01018,JSWENERGY
INE019A01020,JSWSTEEL
INE700A01033,JUBLPHARMA
INE797F01012,JUBLFOOD
INE645L01011,JUBLINDS
INE699D01015,JUMBO
INF732E01045,JUNIORBEES
INE918B01013,JUPITER
INE430G01026,JVLAGRO
INE668F01031,JYOTHYLAB
INE197A01024,JYOTISTRUC
INE900B01029,KABRAEXTRU
INE217B01028,KAJARIACER
INE437B01014,KAKATCEM
INE793A01012,ACCELYA
INE178D01010,KALINDEE
INE220B01022,KPIL
INE967C01018,KAMATHOTEL
INE292D01019,KANDAGIRI
INE138C01024,KANORICHEM
INE531A01016,KANSAINER
INE727F01019,KARURKCP
INE036D01010,KARURVYSYA
INE234I01010,KAUSHALYA
INE641C01019,KAVVERITEL
INE920K01010,KBIL
INE805C01028,KCP
INE790B01024,KCPSUGIND
INE389H01022,KEC
INE134B01017,KECL
INE878B01027,KEI
INE990B01012,KEMROCK
INE202H01019,KERNEX
INE133B01019,KESARENT
INE087A01019,KESORAMIND
INE438H01019,KFA
INE299C01024,KGL
INE761A01019,KHAITANELE
INE731C01018,KHAITANLTD
INE060B01014,KHANDSE
INE029L01018,KICL
INE390H01012,KAMDHENU
INE729D01010,KILITCH
INE267B01015,KINETICMOT
INE415I01015,KIRIINDUS
INE732A01036,KIRLOSBROS
INE146L01010,KIRLOSENG
INE250A01039,KIRLOSIND
INE147B01019,KITPLYIND
INE401H01017,KKCL
INE799A01019,KLGSYSTEL
INE014E01015,KLRF
INE157H01023,KMSUGAR
INE634I01011,KNRCON
INE080B01012,KOHINOOR
INE094I01018,KOLTEPATIL
INE746A01010,KOPDRUGS
INE082A01010,KOPRAN
INE237A01028,KOTAKBANK
INF373I01015,KOTAKGOLD
INF174K01518,KOTAKNIFTY
INF373I01023,PSUBANK
INE419A01022,KOTARISUG
INE720A01015,KOTHARIPET
INE823A01017,KOTHARIPRO
INE406I01014,KOUTONS
INE177F01017,KOVAI
INE836A01035,BSOFT
INE930H01015,KPRMILL
INE001B01026,KRBL
INE409C01011,KRISHNAENG
INE999A01015,KSB
INE455I01011,KSCL
INE953E01014,KSE
INE216D01018,KSERASERA
INE143H01015,KSK
INE907A01026,KSL
INE727D01022,KSOILS
INE614B01018,KTKBANK
INE775B01025,KWALITY
INE651C01018,LAKPRE
INE992B01026,LAKSHMIEFL
INE938C01019,LAKSHMIMIL
INE694C01018,LAKSHVILAS
INE943C01027,SRIPIPES
INE059D01012,LAOPALA
INE269B01029,LAXMIMACH
INE938A01021,LCCINFOTEC
INE337A01034,LGBBROSLTD
INE201J01017,LGBFORGE
INE557B01019,LIBERTSHOE
INE115A01026,LICHSGFIN
INF732E01037,LIQUIDBEES
INE785C01048,LITL
INE245C01019,LEEL
INE174A01015,LLOYDFIN
INE292A01015,UTTAMVALUE
INE862A01015,LML
INE848A01014,IZMO
INE397H01017,LOKESHMACH
INE947I01017,LOTUSEYE
INE597L01014,LOVABLE
INE197J01017,LPDC
INE018A01030,LT
INE547G01019,LUMAXAUTO
INE162B01018,LUMAXIND
INE872H01019,LUMAXTECH
INE326A01037,LUPIN
INE933A01014,LYKALABS
INE101A01026,M&M
INE774D01016,M&MFIN
INF247L01023,MOM100
INF247L01015,M50
INE215I01019,MAANALU
INE925C01016,MADHAV
INE378D01032,MADHUCON
INE331A01037,RAMCOCEM
INE414A01015,MADRASFERT
INE511C01022,POONAWALLA
INE387I01016,MAGNUM
INE457A01014,MAHABANK
INE536H01010,CIEINDIA
INE850A01010,MAHINDUGIN
INE813A01018,MAHLIFE
INE288A01013,MAHSCOOTER
INE271B01025,MAHSEAMLES
INE383H01017,MALUPAPER
INE272B01015,MALWACOTT
INE015D01022,MANAKSIA
INE201A01024,MANALIPETC
INE522D01027,MANAPPURAM
INE087J01010,MANDHANA
INE584F01014,MANGALAM
INE558B01017,MANGCHEFER
INE347A01017,MANGLMCEM
INE805B01012,MANGTIMBER
INE993A01026,MANINDS
INE949H01015,MANINFRA
INE320D01018,MANJEERA
INE435H01015,MANJUSHREE
INE867A01022,MANUGRAPH
INE882A01013,MARALOVER
INE941E01019,MARG
INE196A01026,MARICO
INE750C01026,MARKSANS
INE585B01010,MARUTI
INE759A01021,MASTEK
INE636A01039,MAWANASUG
INE180A01020,MFSL
INE450G01024,VIPCLOTHNG
INE748A01016,MBECL
INE912H01013,MBLINFRA
INE836H01014,MCDHOLDING
INE854D01016,MCDOWELL-N
INE942G01012,MCLEODRUSS
INE933B01012,MEGASOFT
INE974H01013,MEGH
INE199A01012,PGHL
INE998I01010,MHRIL
INE287C01029,MIC
INE019J01013,SASTASUNDR
INE358B01012,MICROTECH
INE405E01015,MINDAIND
INE018I01017,MINDTREE
INE831A01028,MIRCELECTR
INE771A01026,MIRZAINT
INE934B01028,MERCATOR
INE227C01017,MMFL
INE180C01018,CGCL
INE123F01029,MMTC
INE490G01020,MOIL
INE743C01013,MONNETISPA
INE274B01011,MONSANTO
INE161G01019,MORARJETEX
INE083A01026,MOREPENLAB
INE739A01015,MOSERBAER
INE775A01035,MOTHERSON
INE338I01027,MOTILALOFS
INE861B01015,MOTOGENFIN
INE356A01018,MPHASIS
INE943D01017,MPSLTD
INE883A01011,MRF
INE398B01018,MRO-TEK
INE103A01014,MRPL
INE752G01015,MSPL
INE153A01019,MTNL
INE311H01018,ELAND
INE022B01014,MUKANDENGG
INE304A01026,MUKANDLTD
INE374B01019,MUKTAARTS
INE742F01042,ADANIPORTS
INE672B01024,MUNJALAU
INE577A01027,MUNJALSHOW
INE806B01028,MURLIIND
INE692B01014,MURUDCERA
INE414G01012,MUTHOOTFIN
INE744I01034,MVL
INE141B01020,NOESISIND
INE651A01020,MYSOREBANK
INF247L01031,MON100
INE580A01013,NAGARFERT
INE245I01016,NAGREEKCAP
INE123B01028,NAGREEKEXP
INE049I01012,NAHARCAP
INE289A01011,NAHARINDUS
INE308A01027,NAHARPOLY
INE290A01027,NAHARSPING
INE875G01022,NANDAN
INE987B01018,NATCOPHARM
INE139A01034,NATIONALUM
INE088B01015,NATNLSTEEL
INE663F01024,NAUKRI
INE048G01018,NAVINFLUOR
INE060A01024,NAVNETEDUL
INE725A01022,NAVA
INE868B01028,NCC
INE732C01016,NCLIND
INE155G01029,NDTV
INE023H01027,NECLIFE
INE874D01022,NEHAINT
INE189I01016,NELCAST
INE045B01015,NELCO
INE695B01025,COUNCODOS
INE588A01016,NEPCMICON
INE317F01027,NESCO
INE239A01016,NESTLEIND
INE553E01012,NET4
INE870H01013,NETWORK18
INE794A01010,NEULANDLAB
INE747B01016,NEXTMEDIA
INE589A01014,NLCINDIA
INE870D01012,NFL
INE848E01016,NHPC
INE241C01026,NICCO
INF732E01011,NIFTYBEES
INE161A01038,NIITLTD
INE591G01017,COFORGE
INE310A01015,NILKAMAL
INE567A01010,NIPPOBATRY
INE846H01021,NISSAN
INE858F01012,NITCO
INE639K01016,NITESHEST
INE489H01020,NITINFIRE
INE229H01012,NITINSPIN
INE584A01023,NMDC
INE163A01018,NOCIL
INE781B01015,NOIDATOLL
INE296D01010,NOL
INE369C01017,NORBTEAEXP
INE217G01019,NORTHGATE
INE460B01016,NOVOPANIND
INE349A01021,NRBBEARING
INE953C01018,NRC
INE023A01030,NSIL
INE733E01010,NTPC
INE946A01016,NUCHEM
INE096B01018,NUCLEUS
INE409B01013,SWELECTES
INE318J01027,NUTEK
INE093I01010,OBEROIRLTY
INE290B01025,OCL
INE881D01027,OFSS
INE274J01014,OIL
INE591A01010,OILCOUNTUB
INE196J01019,OISL
INE090B01011,OMAXAUTO
INE800H01010,OMAXE
INE474L01016,OMKARCHEM
INE239D01028,OMINFRAL
INE810H01019,OMNITECH
INE213A01029,ONGC
INE809I01019,ONMOBILE
INE229A01017,ONWARDTEC
INE808B01016,OPTOCIRCUI
INE628H01015,ORBITCORP
INE191A01019,ORCHIDPHAR
INE569C01020,ORIENTCER
INE998H01012,ORIENTALTL
INE141A01014,ORIENTBANK
INE607D01018,ORIENTBELL
INE750A01020,ORIENTHOT
INE609C01024,ORIENTLTD
INE592A01026,ORIENTPPR
INE725E01016,ORISSAMINE
INE469B01017,OSWALMIN
INE594A01014,OUDHSUG
INE766A01018,PAEL
INE761H01022,PAGEIND
INE922B01023,PANACEABIO
INE841C01015,PANASONIC
INE013E01017,PANCARBON
INE194B01029,PANORAMUNI
INE623B01027,FEL
INE275B01026,HUHTAMAKI
INE618H01016,PARABDRUGS
INE074B01023,PARACABLES
INE620C01013,PARAL
INE702L01010,PARAPRINT
INE162C01024,PARASPETRO
INE598A01015,PAREKHPLAT
INE353B01021,PARRYSUGAR
INE561H01026,PARSVNATH
INE244B01030,PATELENG
INE529D01014,PATINTLOG
INE660F01012,PATNI
INE790C01014,PATSPINLTD
INE160H01019,PBAINFRA
INE904D01019,PDPL
INE105C01023,3PLAND
INE606A01024,AMJLAND
INE600A01019,PEACOCKIND
INE844A01013,PEARLPOLY
INE932A01024,PENIND
INE138A01028,PENINLAND
INE843A01023,PEPL
INE262H01013,PERSISTENT
INE742A01019,PETRONENGG
INE347G01014,PETRONET
INE134E01011,PFC
INE182A01018,PFIZER
INE367G01038,PFOCUS
INE560K01014,PFS
INE179A01014,PGHH
INE602A01015,PHILIPCARB
INE211B01039,PHOENIXLTD
INE318A01026,PIDILITIND
INE603J01014,PIIND
INE889E01010,PIONDIST
INE156C01018,PIONEEREMB
INE542F01012,RNAVAL
INE748E01018,PIRGLASS
INE140A01024,PEL
INE122J01015,PIRPHYTO
INE450D01013,PITTILAM
INE083C01014,PLASTIBLEN
INE491H01018,PLETHICO
INE160A01014,PNB
INE859A01011,PNBGILTS
INE392B01011,PNC
INE332G01032,POCHIRAJU
INE057B01010,POLARIND
INE763A01023,POLARIS
INE633B01018,POLYPLEX
INE063E01038,PONDYOXIDE
INE838E01017,PONNIERODE
INE752E01010,POWERGRID
INE095I01015,PPAP
INE495J01015,PRADIP
INE505C01016,PRAENG
INE074A01025,PRAJIND
INE603A01013,PRAKASH
INE696K01016,PRAKASHSTL
INE308H01022,PRATIBHA
INE283A01014,PRECOT
INE372C01011,PRECWIRE
INE342A01018,PREMIER
INE811K01011,PRESTIGE
IN9623B01058,FELDVR
INE605A01026,PRICOL
INE032B01021,PRIMESECU
INE010A01011,PRSMJOHNSN
INE700C01013,PRITHVI
INE968G01025,PROVOGUE
INE608A01012,PSB
INE474B01017,PSL
INF732E01110,PSUBNKBEES
INE877F01012,PTC
INE034D01031,PTL
INE277B01014,PUNJABCHEM
INE701B01021,PUNJLLOYD
INE323I01011,PURVA
INE362A01016,PVP
INE191H01014,PVRINOX
INF082J01010,QGOLDHALF
INF082J01028,QNIFTY
INE033B01011,QUINTEGRA
INE874F01027,RADAAN
INE944F01028,RADICO
INE028D01025,RAINBOWPAP
INE855B01025,RAIN
INE343B01030,RAJESHEXPO
INE294G01018,RAJOIL
INE296E01026,RAJPALAYAM
INE533D01016,RAJRAYON
INE562B01019,RAJSREESUG
INE952H01019,RAJTV
INE011H01014,RAJVIR
INE613A01012,RALLIS
INE278B01020,RAMANEWS
INE614A01028,RAMCOIND
INE246B01019,RAMCOSYS
INE874I01013,RAMKY
INE005D01015,RAMSARUP
INE625B01014,RANASUG
INE015A01028,RANBAXY
INE222J01013,RANEENGINE
INE384A01010,RANEHOLDIN
INE619C01015,RANKLIN
INE703B01027,RATNAMANI
INE301A01014,RAYMOND
INE244J01017,RBL
INE445K01018,RBN
INE027A01015,RCF
INE330H01018,RCOM
INE020B01018,RECLTD
INE891D01026,REDINGTON
INE056I01017,REFEX
INE385B01031,REIAGROLTD
INE849J01021,REISIXTEN
INE131B01021,RELAXO
INF733I01028,RELBANK
INE013A01015,RELCAPITAL
INF733I01010,RELGOLD
INF205K01DA9,IVZINNIFTY
INE002A01018,RELIANCE
INE621H01010,RELIGARE
INF205K01361,IVZINGOLD
INE036A01016,RELINFRA
INE540B01015,RELMEDIA
INE087H01022,RENUKA
INE461B01014,REPRO
INE774I01023,RESURGERE
INE617A01013,SEMAC
INE209B01025,RICOAUTO
INE046A01015,RIIL
INE722H01016,RGL
INE722J01012,RKDL
INE399G01015,RKFORGE
INE172H01014,RMCL
INE050H01012,RML
INE248H01012,ROHITFERRO
INE283H01019,ROHLTD
INE293A01013,ROLTA
INE924H01018,TARMAT
INE105J01010,RPGLIFE
INE614G01033,RPOWER
INE324L01013,RPPINFRA
INE165B01011,RSSOFTWARE
INE611A01016,RSWM
INE411H01024,RSYSTEMS
INE301D01018,RUBYMILLS
INE413B01023,RUCHINFRA
INE803H01014,RUCHIRA
INE619A01027,RUCHISOYA
INE243A01018,SABERORGAN
INE416A01036,SABTN
INE226H01026,SADBHAV
INE229C01013,SAGCEM
INE586G01017,GULFPETRO
INE114A01011,SAIL
INE623A01011,SAKHTISUG
INE667G01015,SAKSOFT
INE302E01014,SAKTHIFIN
INE190H01016,SAKUMA
INE498E01010,SALONA
INE924A01013,SALORAINTL
INE658G01014,SALSTEEL
INE304D01012,SAMBANDAM
INE699B01027,SAMBHAAV
INE381A01016,SAMTEL
INE583B01015,SANDESH
INE495C01010,SANGAMIND
INE999B01013,SANGHIIND
INE146A01013,SANGHIPOLY
INE263L01013,SANGHVIFOR
INE989A01024,SANGHVIMOV
INE890C01046,SANWARIA
INE385C01013,SARDAEN
INE979A01017,SAREGAMA
INE231F01020,SASKEN
INE176C01016,SATHAISPAT
INE275A01028,SATYAMCOMP
INE104E01014,SAVERA
INE465B01015,SB&TINTL
INE648A01026,SBBJ
INF200K01099,SETFGOLD
INE062A01012,SBIN
INE654A01024,SBT
INE109A01011,SCI
INE497B01018,SEAMECLTD
INE420C01034,SEINVEST
INE818A01017,SELAN
INE105I01012,SELMCL
INE577L01016,STEL
INE431L01016,SERVALL
INE205A01025,VEDL
INE630A01016,SESHAPAPER
INE955I01028,SEZALGLASS
INE553K01019,SGJHL
INE353H01010,SGL
INE640C01011,SHAHALLOYS
INE849C01018,SHALPAINTS
INE631A01022,SHANTIGEAR
INF732E01128,SHARIABEES
INE559D01011,CREST
INE317A01028,SHASUNPHAR
INE790G01023,SHILPAMED
INE510K01019,SHILPI
INE756B01017,SVOGL
INE637H01016,SHIVAMAUTO
INE705C01012,SHIVTEX
INE851B01016,SHLAKSHMI
INE498B01024,SHOPERSTOP
INE318K01017,SHPRE
INE538H01024,SHREEASHTA
INE070A01015,SHREECEM
INE879A01019,SHREERAMA
INE633A01028,SHRENUJ
INE231C01019,SHREYANIND
INE757B01015,SHREYAS
INE722A01011,SHRIRAMCIT
INE964H01014,SEPC
INE635A01023,SHYAMTEL
INE176J01011,SICAGEN
INE075B01012,SICAL
INE003A01024,SIEMENS
INE173A01025,SIL
INE923A01015,SILINV
INE270C01017,SIMBHSUGAR
INE898F01018,SIMPLEX
INE059B01024,SIMPLEXINF
INE429C01035,SINTEX
INE202C01010,SIRPAPER
INE686I01011,SITASHREE
INE076B01010,SIYSIL
INE002L01015,SJVN
INE640A01023,SKFINDIA
INE411D01015,SKMEGGPROD
INE180K01011,BHARATFIN
INE772A01016,SKUMARSYNF
INE178C01020,SMARTLINK
INE294B01019,SMLISUZU
INE215G01021,SMPL
INE812G01017,SMSPHARMA
INE671H01015,SOBHA
INE863A01013,SOFTTECHGR
INE343H01011,SOLARINDS
INE355A01028,SOMANYCERA
INE314C01013,SOMATEX
INE643A01035,JTEKTINDIA
INE269A01021,SONATSOFTW
INE035D01012,SOTL
INE943B01011,SOUISPAT
INE683A01023,SOUTHBANK
INE360B01026,SPANCO
INE232I01014,SPARC
INE409H01028,SPECTACLE
INE376C01020,SPENTEX
INE147A01011,SPIC
INE927C01020,DIGISPICE
INE978G01016,SPLIL
INE937A01023,SPMLINFRA
INE268L01012,SPYL
INE872A01014,SREINFRA
INE647A01010,SRF
INE376A01032,SRGINFOTEC
INE724B01023,SRHHLINDST
INE917H01012,SRHHYPOLTD
INE721A01013,SHRIRAMFIN
INE802C01017,SSWL
INE939A01011,STAR
INE733A01018,STARPAPER
INE655A01013,STCINDIA
INE268A01049,STER
INE324C01038,STERLINBIO
INE334A01015,STERTOOLS
INE090C01019,STINDIA
INE034H01016,SORILINFRA
INE089C01029,STLTECH
INE754A01014,SUBEX
INE287B01021,SUBROS
INE384L01017,SUDAR
INE659A01015,SUDARSCHEM
INE333I01028,SUJANATOW
INE216G01011,SUJANAUNI
INE235C01010,SUMEETINDS
INE519C01017,SUMMITSEC
INE105A01027,SUNCLAYTON
INE108E01023,SUNDARAM
INE660A01013,SUNDARMFIN
INE073D01013,SUNDRMBRAK
INE387A01021,SUNDRMFAST
INE947A01014,SUNFLAG
INE305H01010,SUNILHITEC
INE044A01036,SUNPHARMA
INE805D01026,SUNTECK
INE424H01027,SUNTV
INE091C01017,SUPER
INE662A01027,SUPERSPIN
INE663A01017,SUPPETRO
INE399C01030,SUPRAJIT
INE195A01028,SUPREMEIND
INE550H01011,SUPREMEINF
INE664A01015,WINSOMEDJ
INE357D01010,SURANACORP
INE659D01019,SURANAIND
INE130B01023,SURANAT&P
INE272L01014,SURANASOL
INE411C01017,SURYAJYOTI
INE713B01026,SURYALAXMI
INE249G01020,SURYAPHARM
INE335A01012,SURYAROSNI
INE645H01019,SUTLEJTEX
INE495B01038,SUVEN
INE040H01021,SUZLON
INE277A01016,SWARAJENG
INE225D01019,SYMPHONY
INE602K01014,SYNCOM
INE667A01018,SYNDIBANK
INE123C01018,TAINWALCHM
INE586B01026,TAJGVK
INE142I01023,TAKE
INE187D01011,TALBROAUTO
INE502K01016,TALWALKARS
INE639B01015,TANFACIND
INE483C01032,TANLA
INE388G01018,TANTIACONS
INE747K01017,TARAPUR
INE092A01019,TATACHEM
INE493A01019,TATACOFFEE
INE151A01013,TATACOMM
INE670A01012,TATAELXSI
INE192A01025,TATACONSUM
INE672A01018,TATAINVEST
INE056C01010,TATAMETALI
INE155A01014,TATAMOTORS
IN9155A01012,TATAMTRDVR
INE245A01013,TATAPOWER
INE674A01014,TATASTLLP
INE081A01012,TATASTEEL
INE688A01022,TCI
INE662L01016,TCIDEVELOP
INE911B01018,TCIFINANCE
INE467B01029,TCS
INE669C01028,TECHM
INE286K01024,TECHNO
INE509K01011,TECHNOFAB
INE904H01010,TECPRO
INE391I01018,TELEDATAIT
INE435C01024,TEXINFRA
INE141K01013,TEXMOPIPES
INE621L01012,TEXRAIL
INE305A01015,TFCILTD
INE804H01012,TFL
INE085J01014,THANGAMAYL
INE083B01016,THEMISMED
INE152A01029,THERMAX
INE201K01015,EXPLEOSOL
INE409A01015,THIRUSUGAR
INE332A01027,THOMASCOOK
INE133E01013,TI
INE484C01014,TIDEWATER
INE545H01011,TIIL
INE806C01018,TIL
INE346L01016,TIMBOR
INE289C01025,TIMESGTY
INE508G01029,TIMETECHNO
INE325A01013,TIMKEN
INE422C01014,TINPLATE
INE716B01011,TIPSINDLTD
INE338A01016,TIRUMALCHM
INE280A01010,TITAN
INE148A01019,TNPETRO
INE107A01015,TNPL
INE141D01018,TNTELE
INE944B01019,TODAYS
INE685A01028,TORNTPHARM
INE813H01021,TORNTPOWER
INE849A01012,TRENT
INE391D01019,TRF
INE771B01032,TRICOM
INE064C01014,TRIDENT
INE948A01012,TRIGYN
INE763I01018,TRIL
INE256C01024,TRIVENI
INE910C01018,TTKHLTCARE
INE690A01010,TTKPRESTIG
INE592B01016,TTL
INE517B01013,TTML
INE149A01025,TUBEINVEST
INE122H01027,TULIP
INE474I01012,TULSI
INE463D01016,TULSYAN
INE236G01019,TVSELECT
INE494B01023,TVSMOTOR
INE421C01016,TVSSRICHAK
INE038F01029,TVTODAY
INE783B01029,TWILITAKA
INE615H01012,TWL
INE328C01013,UBENGG
INE696A01025,UBHOLDINGS
INE686F01025,UBL
INE139B01016,UCAL
INE691A01018,UCOBANK
INE516A01017,UFLEX
INE071E01023,UGARSUGAR
INE481G01011,ULTRACEMCO
INE240C01028,UMESLTD
INE351A01035,UNICHEMLAB
INE037A01022,UNIENTER
INE692A01016,UNIONBANK
INE628A01036,UPL
INE950G01015,UNIPLY
INE694A01020,UNITECH
INE695A01019,UNITEDBNK
INE458F01011,UNITEDTEA
INE466H01028,UNITY
INE279A01012,UNIVCABLES
INE018B01012,UPERGANGES
INE228A01035,USHAMART
INE235G01011,USHERAGRO
INF789F01042,UTISUNDER
INE699A01011,UTTAMSTL
INE786F01031,UTTAMSUGAR
INE507B01022,UTVSOF
INE694D01016,VADILALIND
INE884A01019,VAIBHAVGBL
INE051B01013,VAKRANSOFT
INE624C01015,VALECHAENG
INE352A01017,VALUEIND
INE116G01013,VARDHACRLC
INE835A01011,VARDMNPOLY
INE032G01012,VARUN
INE702A01013,VARUNSHIP
INE893I01013,VASCONEQ
INE398A01010,VENKEYS
INE411B01019,VENUSREM
INE386A01015,VESUVIUS
INE951I01019,VGUARD
INE701A01023,VHL
INE048C01017,VICEROY
INE703A01011,VIDEOIND
INE705A01016,VIJAYABANK
INE806F01011,VIJSHAN
INE158H01013,VIKASHMET
INE579C01029,VIMTALABS
INE410B01029,VINATIORGA
INE707A01012,VINDHYATEL
INE250B01029,VINYLINDIA
INE054A01019,VIPIND
INE946H01037,VIPULLTD
INE392A01013,VISAKAIND
INE286H01012,VISASTEEL
INE861A01017,VISESHINFO
INE945H01013,V2RETAIL
INE965A01016,VISUINTL
INE526G01013,VIVIMEDLAB
INE709A01018,VLSFINANCE
INE540H01012,VOLTAMP
INE226A01021,VOLTAS
INE710A01016,VSTIND
INE764D01017,VSTTILLERS
INE825A01012,VTL
INE119G01025,VTXIND
INE956G01020,WABAG
INE342J01019,ZFCVINDIA
INE711A01022,WALCHANNAG
INE107F01022,WANBURY
INE855C01015,WEBELSOLAR
INE080A01014,WEIZMANIND
INE191B01025,WELCORP
INE389K01018,WELINV
INE625G01013,WELENT
INE192B01023,WELSPUNIND
INE274C01019,WENDT
INE715A01015,WHEELS
INE716A01013,WHIRLPOOL
INE210A01017,WILLAMAGOR
INE784B01027,WINSOMYARN
INE075A01022,WIPRO
INE049B01025,WOCKPHARMA
INE100D01014,WSI
INE976A01021,WSTCSTPAPR
INE965H01011,SITINET
INE378A01012,WYETH
INE183H01011,XLENERGY
INE445C01015,XPROINDIA
INE528G01019,YESBANK
INE719A01017,ZANDUREALT
INE256A01028,ZEEL
INE565L01011,ZEELEARN
INE966H01019,ZEEMEDIA
INE318D01020,ZENITHSTL
INE598B01013,ZENITHCOMP
INE899A01017,ZENITHINFO
INE520A01019,ZENSARTECH
INE871B01014,ZICOM
INE206B01013,ZODIACLOTH
INE077B01018,ZODJRDMKJ
INE217A01012,ZUARIIND
INE768C01010,ZYDUSWELL
INE225I01018,ZYLOG
INE199C01026,ADVANIHOTR
INE104F01011,BODHTREE
INE312J01012,COROENGG
INE263B01022,JDORGOCHEM
INE314G01014,KALYANIFRG
INE096L01017,KTIL
INE817A01019,MELSTAR
INE980A01023,PRESSMN
INE431F01018,PKTEA
INE621B01021,PRITHVISOF
INE688D01026,RESPONIND
INE453D01017,SARLAPOLY
INE883G01018,SGFL
INE004H01019,SRICHAMUND
INE932C01012,TOKYOPLAST
INE988A01026,ASIL
INE472B01011,BLUECOAST
INE393A01011,DELTAMAGNT
INF090I01072,FTCPOF5YGR
INE155B01012,HINDSYNTEX
INE277C01012,REGENCERAM
INE651G01027,SUPREMETEX
INE280A01028,TITAN
INE058B01018,ZENITHEXPO
INE132B01011,CHETTINAD
INE725L01011,KARMAENG
INE474C01015,REMSONSIND
INE726L01019,DELPHIFX
INE365D01013,ASHIANA
INE435G01025,DHANUKA
INE180E01014,JEYPORE
INF090I01031,FTCSF5YGRO
INE850E01012,LFIC
INE473I01014,TELEMARINE
INE683C01011,MAITHANALL
INE573K01017,RUSHIL
INE681C01015,KEYFINSERV
INE313D01013,MOHOTAIND
INE040A01026,HDFCBANK
INE613A01020,RALLIS
INE390K01016,WELGLOB
INF209K01IR4,BSLNIFTY
INE224M01013,BGLOBAL
INE878H01016,INVENTURE
INE819L01012,ELGIRUBCO
INE498L01015,LTF
INE956G01038,WABAG
INE052A01021,WINDMACHIN
INE126M01010,YAARI
INE603J01022,PIIND
INE338D01028,BODALCHEM
INE336H01015,GAYAPROJ
INE784B01035,WINSOME
INE040M01013,TREEHOUSE
INE228I01012,ASAHISONG
INE816B01019,FILATEX
INE650L01011,BROOKS
INE189I01024,NELCAST
INE184C01028,CIMMCO
INE778A01021,TECHIN
INE419M01019,TDPOWERSYS
INE155A01022,TATAMOTORS
IN9155A01020,TATAMTRDVR
INE219H01039,SRSLTD
INE901L01018,APLLTD
INE457L01011,PGEL
INE245A01021,TATAPOWER
INE007A01025,CRISIL
INE305C01011,PANAMAPET
INE257A01026,BHEL
INE023M01019,PRAKASHCON
INE120A01034,CARBORUNIV
INE440L01017,TIJARIA
INE846H01039,NCOPPER
INE912L01015,ONELIFECAP
INE420C01042,PAISALO
INE060J01017,FLEXITUFF
INE889I01011,TAKSHEEL
INE899L01014,MBSWITCH
INE590L01019,VASWANI
INE573I01011,HIRAFERRO
INF579M01019,IIFLNIFTY
INE479D01038,KRITI
INE316G01019,PANCHSHEEL
INE417C01014,PILANIINVS
INE908D01010,SHAKTIPUMP
INE152M01016,TRITURBINE
INE054A01027,VIPIND
INE337M01013,INDOTHAI
INE592I01029,METKORE
INE122M01019,ESSARSHPNG
INF397L01554,LICMFGOLD
INE955I01036,SEZAL
IN9175A01010,JISLDVREQS
INE417B01040,DSSL
INE205C01013,POLYMED
INE895B01021,RUPA
INE028B01011,SHARONBIO
INE904G01020,RASOYPR
INE806A01012,VIKASGLOB
INE702C01019,APLAPOLLO
INE879E01029,KANANIIND
INE360C01024,DPSCLTD
INE074H01012,SARTHAKIND
INE655B01011,BANARBEADS
INE840D01015,ALPINEHOU
INE672B01032,MUNJALAU
INE319B01014,BYKE
INE222F01011,VTMLTD
INE200F01017,DALMIAREF
INF090I01080,FTCPOF5YDV
INE480M01011,THOMASCOTT
INE225D01027,SYMPHONY
INE921B01025,DBSTOCKBRO
INE343D01010,JAIHINDPRO
INE083C01022,PLASTIBLEN
INE453B01029,COMPUSOFT
INE851C01014,NEOCORP
INE745G01035,MCX
INE743M01012,RHIM
INE842C01013,MINDACORP
INE839M01018,SCHNEIDER
INE875G01030,NDL
INE968G01033,PROVOGE
INF760K01BR1,CRMFGETF
INF247L01072,MGOLD
INE453M01018,NAGAROIL
INE472M01018,MTEDUCARE
INE095N01015,NBCC
INE051B01021,VAKRANGEE
INE750M01017,HEXATRADEX
INE760L01018,TBZ
INE050M01012,VSSL
INE873D01024,INDOCO
INE024L01027,GRAVITA
INE662C01015,CHROMATIC
INE665A01020,SWANENERGY
INE529F01019,SIGNET
INE247M01014,SPECIALITY
INE076H01025,EON
INE211C01037,ARVINDREM
INE488D01021,AVTNPL
INE704H01022,CINELINE
INE774I01031,RMMIL
INE225I01026,ZYLOG
INE213M01016,VKSPL
INE580B01029,GRUH
INE735M01018,SAMPANN
INE834M01019,RTNINDIA
INE436N01029,AMTL
INE031B01031,AJANTPHARM
INE309M01012,PREMIERPOL
INE222F01029,VTMLTD
INE653D01012,SAMINDUS
INE318C01014,SAYAJIHOTL
INE658D01011,SIMPLEXCAS
INE195N01013,PROZONER
INE161G01027,MORARJEE
INE026A01025,GSFC
INE602G01020,KITEX
INE040D01012,MAYURUNIQ
INE847C01020,ROSSELLIND
INE885A01032,ARE&M
INE741L01018,DUCON
INE217G01027,PROSEED
INE460N01011,CINEMAXIN
INE105A01035,TVSHLTD
INE098F01023,AMRUTANJAN
INE516K01024,GOENKA
INE725E01024,ORISSAMINE
INE032A01023,BOMDYEING
INE879E01037,KANANIIND
INE121N01019,THEJO
INE459B01018,TCPLTD
INE050A01025,BBTC
INE878I01014,BAFNAPHARM
INE301D01026,RUBYMILLS
INE849C01026,SHALPAINTS
INE840M01016,ZUARI
INE799L01016,TARAJEWELS
INE918N01018,VETO
INE023M01027,SETUINFRA
INE899L01022,UJAAS
INE752H01013,CARERATING
INE785M01013,PCJEWELLER
INE121J01017,INDUSTOWER
INE861A01058,VISESHINFO
INE196B01016,SHIRPUR-G
INE144J01027,20MICRONS
INE774D01024,M&MFIN
INE665J01013,VMART
INE213M01024,VKSPL
INE533D01024,RAJRAYON
INE106I01010,ANKITMETAL
INE954E01012,MOHITIND
INE559B01023,NAKODA
INE904G01038,RASOYPR
INE607L01029,BILENERGY
INF204K014N5,NIF100BEES
INE612J01015,REPCOHOME
INF109K012R6,NIFTYIETF
INE520N01012,OPAL
INE268L01020,SHEKHAWATI
INE603J01030,PIIND
INE047O01014,NIBL
INE542A01039,GSCLCEMENT
INE067D01015,VIMALOIL
INE370E01029,VIVIDHA
INE599M01018,JUSTDIAL
INE303D01014,NIVINFRA
INE951D01010,ATULAUTO
INE345B01019,CEREBRAINT
INE442H01029,ASHOKA
INE220J01025,FCONSUMER
INE508A01022,DUNCANSLTD
INE517H01028,ADVANTA
INE876N01018,ORIENTCEM
INE647O01011,ABFRL
INE148I01020,SAMMAANCAP
INE021A01026,ASIANPAINT
INE116A01024,APCOTEXIND
INE421D01022,CCL
INE418N01027,INTEGRA
INF109KA1962,NIF100IETF
INE006I01038,ASTRAL
INE333I01036,NTL
INE040D01038,MAYURUNIQ
INE452O01016,FLFL
INE600A01027,PILITA
INE171A01029,FEDERALBNK
INE935O01010,SFCL
INE365D01021,ASHIANA
INE828O01033,MITCON
INE142K01011,LYPSAGEMS
INE231G01010,ORBTEXP
INE147P01019,JPOLYINVST
INE970N01019,NGCT
INE484J01027,GODREJPROP
INE131B01039,RELAXO
INF204KA1EU6,RELNIFTY
INE099F01013,SREEL
INE043K01029,BSLIMITED
INE449G01018,AGRITECH
INE455I01029,KSCL
INE448G01010,NATHBIOGEN
INE650K01013,8KMILES
INE672K01025,CNOVAPETRO
INE665A01038,SWANENERGY
INE028B01029,SHARONBIO
INE411H01032,RSYSTEMS
INE782L01012,SANCO
INE172A01027,CASTROLIND
INE200D01020,MMWL
INE952H01027,RAJTV
INE806A01020,VIKASECO
INE480C01012,SDBL
INF457M01133,CPSEETF
INE574I01027,ARCOTECH
INF204KA1LD7,CONSUMBEES
INE295F01017,BUTTERFLY
INE066O01014,WONDERLA
INF204KA1MS3,DIVOPPBEES
INE204E01012,AGARIND
INE473B01035,HATSUN
INE475E01018,CAPLIPOINT
INE288B01029,DEEPAKNTR
INE077F01035,GOCLCORP
INE432P01015,MAKE
INE072P01019,WELENTRP
INE238A01034,AXISBANK
INF346A01034,SENSEXIETF
INE635Q01029,GULFOILLUB
INE176B01034,HAVELLS
INE949H01023,MANINFRA
INE168A01041,J&KBANK
INE150B01021,ALKYLAMINE
INE734N01019,SNOWMAN
INE951D01028,ATULAUTO
INE305C01029,PANAMAPET
INE221J01015,SHARDACROP
INE943B01029,SOUISPAT
INE059D01020,LAOPALA
INE006I01046,ASTRAL
INE712B01010,SUPERHOUSE
INE363M01019,SHEMAROO
INE659A01023,SUDARSCHEM
INE927D01028,JBMA
INE675C01017,CIGNITITEC
INE133R01015,MOMAI
INF247L01536,MOM50
INE111Q01013,PDSL
INE637H01024,SHIVAMAUTO
INE062A01020,SBIN
INE272L01022,SURANASOL
INE130B01031,SURANAT&P
INE260B01028,GODFRYPHLP
INE090A01021,ICICIBANK
INF174K01F59,BANKNIFTY1
INE306R01017,INTELLECT
INE573A01042,JKTYRE
INE950M01013,MONTECARLO
INE160A01022,PNB
INE804D01029,INFODRIVE
INF767K01MV5,LICNETFGSC
INE842C01021,MINDACORP
INE982F01036,HATHWAY
INE127I01024,GOODLUCK
INE463A01038,BERGEPAINT
INE045J01018,FCL
INE052I01032,CAMLINFINE
INE341R01014,DTIL
INE165B01029,RSSOFTWARE
INE028A01039,BANKBARODA
INE112A01023,CORPBANK
INE493A01027,TATACOFFEE
INE255D01016,GULPOLY
INE652F01027,CCHHL
INE205C01021,POLYMED
INE112F01014,LAMBODHARA
INE137I01015,GRPLTD
INE451F01016,APOLSINHOT
INE949P01018,GENUSPAPER
INE893J01011,MOLDTKPAC
INE544R01013,GREENLAM
INE475B01022,HIKAL
INE270I01014,VISHNU
INE845D01014,GANECOS
INE802B01019,LINC
INE071D01025,MENONBE
INE782E01017,HESTERBIO
INE412C01015,JMA
INE849L01019,ORTEL
INE669C01036,TECHM
INE031B01049,AJANTPHARM
INE101D01020,GRANULES
INF200KA1580,SETFNIFBK
INE531A01024,KANSAINER
INF200KA1598,SETFNN50
INE859Q01017,MANAKALUCO
INE830Q01018,MANAKCOAT
INE831Q01016,BKMINDST
INE824Q01011,MANAKSTEEL
INE251B01027,ZENTEC
INE216D01026,KSERASERA
INE971P01012,SIIL
INE172N01012,IMAGICAA
INE066P01011,INOXWIND
INE071D01033,MENONBE
INF373I01049,KOTAKGOLD
INE450D01021,PITTIENG
INE113O01014,BLUEBLENDS
INE615H01020,TITAGARH
INE366I01010,VRLLOG
INE776I01010,MEP
INE959A01019,PRIVISCL
INE425B01027,BCG
INF754K01EK3,NIFTYEES
INE527H01019,UFO
INE413G01014,TPLPLASTEH
INE570D01018,ARROWGREEN
INE937C01029,NILAINFRA
INE195J01011,PNCINFRA
INE439E01022,SKIPPER
INE045J01026,FCL
INF204KA17D8,NETFNV20
INE988E01028,JMTAUTOLTD
INE914E01024,ALANKIT
INE122R01018,MANPASAND
INE730A01022,ORICONENT
INF200KA1FS1,SETFNIF50
INE875R01011,BALKRISHNA
INE979R01011,SHYAMCENT
INE931S01010,ADANIENSOL
INE398R01022,SYNGENE
INE332S01011,EMKAYTOOLS
INE587G01015,KAYA
INE193B01039,AYMSYNTEX
INE898S01029,AURUM
INE529F01027,SIGNET
INE749B01012,ORTINLABSS
INE686A01026,ITDCEM
INE296G01013,MUTHOOTCAP
INE230R01019,RAMASTEEL
INE034S01021,ARVSMART
INE211R01019,POWERMECH
INE836B01017,SATIN
INE597I01010,SHARDAMOTR
INF789FB1X41,UTINIFTETF
INF789FB1X58,UTISENSETF
INE278M01019,NAVKARCORP
INE455O01019,PENPEBS
INE712K01011,SHREEPUSHK
INE844O01022,GUJGASLTD
INE764L01010,SADBHIN
INE208C01025,AEGISLOG
INE096T01010,PNEUMATIC
INE302M01033,PRABHAT
INE914E01032,ALANKIT
INE262S01010,SHAIVAL
INE010B01027,ZYDUSLIFE
INE218G01025,PALREDTECH
INE176A01028,BATAINDIA
INE737B01033,ADROITINFO
INE136T01014,AHIMSA
INE112F01022,LAMBODHARA
INE453D01025,SARLAPOLY
INE335K01011,COFFEEDAY
INE092T01019,IDFCFIRSTB
INE790G01031,SHILPAMED
INE646L01027,INDIGO
INE500L01026,SHK
INE925S01012,PERFECT
INE871C01020,AVANTIFEED
INE987B01026,NATCOPHARM
INE618N01014,BALAXI
INE150G01012,LUXIND
INE428O01016,AIFL
INE457F01013,SALZERELEC
INE864B01027,UMANGDAIRY
INE039C01024,JAMNAAUTO
INF767K01OS7,LICNETFN50
INF174K01Z71,NV20
INE576I01022,JKIL
INE524L01026,KRIDHANINF
INF179KB1KP3,HDFCNIFETF
INF179KB1KQ1,HDFCSENETF
INE405C01035,LINCOLN
INE812G01025,SMSPHARMA
INF754K01EL1,EBANK
INE611L01021,INDTERRAIN
INE540L01014,ALKEM
INE600L01024,LALPATHLAB
INE410P01011,NH
INE461C01038,GREENPLY
INE382T01014,FOURTHDIM
INE321D01016,OCCL
INE455T01018,JSLHISAR
INE484I01029,PRECAM
INE985S01024,TEAMLEASE
INE893J01029,MOLDTKPAC
INE306L01010,QUICKHEAL
INE106T01017,HITECH
INE354C01019,BHAGERIA
INE164B01022,KELLTONTEC
INE553C01016,NECCLTD
INE632C01026,VIDHIING
INE696K01024,PRAKASHSTL
INE807F01027,SEQUENT
INE314T01025,GOKULAGRO
INE748T01016,SIMBHALS
INE230R01027,RAMASTEEL
INE484C01022,TIDEWATER
INE372C01029,PRECWIRE
INE192B01031,WELSPUNLIV
INE291D01011,KDDL
INE075I01017,HCG
INE558R01013,HECPROJECT
INE865T01018,PDMJEPAPER
INE658T01017,WEALTH
INE542C01019,NKIND
INE316L01019,BHARATWIRE
INE483S01012,INFIBEAM
INE526G01021,VIVIMEDLAB
INE988K01017,EQUITAS
INE218G01033,PALREDTEC
INE594H01019,THYROCARE
INE334L01012,UJJIVAN
INE299U01018,CROMPTON
INE976T01013,SAGARDEEP
INE883N01014,PARAGMILK
INF767K01PC8,LICNFNHGP
INF754K01EM9,EQ30
INE095N01023,NBCC
INE150G01020,LUXIND
INE368U01011,UNITEDPOLY
INE526E01018,SHRIPISTON
INF109KB1WF4,ICICIGOLD
INE155C01010,ALBERTDAVD
INE109C01017,ARMANFIN
INE991I01015,ASPINWALL
INE153T01019,BLS
INE454M01024,NAGAFERT
INE675G01018,PINCON
INE863B01011,PREMEXPLN
INE154U01015,MAXVIL
INF200KA1JT1,SETF10GILT
INE663B01015,CONTROLPR
INE292A01023,UVSL
INF109KB1WY5,NV20IETF
INE251C01017,ABMINTLTD
INE452L01012,INCREDIBLE
INE451L01014,MAHASTEEL
INE002S01010,MGL
INE878E01021,SETCO
INE497D01014,DAMODARIND
INE835B01035,MOLDTECH
INE637C01017,POKARNA
INE390G01014,GPTINFRA
INF109KB1XT3,MIDSELIETF
INE159N01019,VIJIFIN
INE615P01015,QUESS
INE731U01010,DIGJAMLTD
INE646C01018,GROBTEA
INE153U01017,MAXINDIA
INF204KB1882,LTGILTBEES
INE343H01029,SOLARINDS
INE239T01016,KKVAPOW
INE093R01011,LLOYDSENGG
INE323J01019,SOMICONVEY
INE214T01019,LTIM
INE224E01028,GATECH
INE837H01012,ADVENZYMES
INE110B01017,MINDTECK
INF767K01OT5,LICNETFSEN
INE917M01012,DBL
INE096L01025,KTIL
INE212I01016,SPAL
INE195J01029,PNCINFRA
INE600A01035,PILITA
INE752P01024,FRETAIL
INE756C01015,NDGL
INE976G01028,RBLBANK
INE951I01027,VGUARD
INE412U01017,BIGBLOC
INE296A01024,BAJFINANCE
INE900L01010,MBAPL
INE405E01023,UNOMINDA
INE849A01020,TRENT
INE860T01019,SABEVENTS
INE871L01013,TVVISION
INE509F01011,CUPID
INE988E01036,JMTAUTOLTD
INE010V01017,LTTS
INE934S01014,GNA
INE491V01019,CROWN
INE336T01010,HUSYSLTD
INE726G01019,ICICIPRULI
INE182D01012,MARATHON
INE495S01016,HPL
INE217B01036,KAJARIACER
INE522V01011,AVSL
INE047A01021,GRASIM
INE564T01017,JETKNIT
INE696V01013,JAIPURKURT
INE650K01021,SECURKLOUD
INE482J01021,SHAH
INE985P01012,GRETEX
INE885F01015,MASKINVEST
INE732S01012,SAKAR
INE448V01019,AURDIS
INE704V01015,DRL
INF194KA1U07,IDFNIFTYET
INE697V01011,PANSARI
INE738V01013,ARTNIRMAN
INE913H01037,ENDURANCE
INE947T01014,GICL
INE475E01026,CAPLIPOINT
INE159N01027,VIJIFIN
INE354C01027,BHAGERIA
INE268B01013,KREBSBIO
INE885E01034,MAZDA
INE572E01012,PNBHOUSING
INE200M01013,VBL
INE483B01026,ICIL
INE740V01019,AGROPHOS
INE036D01028,KARURVYSYA
INE371C01013,PODDARMENT
INE927A01040,ROLLT
INE180C01026,CGCL
INE361M01021,HIGHGROUND
INE981B01011,CMICABLES
INE880L01014,KIOCL
INE930H01023,KPRMILL
INE305H01028,SUNILHITEC
INE982V01017,JETFREIGHT
INE365I01012,NBIFIN
INE916U01025,SFL
INE634I01029,KNRCON
INE759V01019,HEADSUP
INE586V01016,TCIEXP
INE914E01040,ALANKIT
INE947Q01010,LAURUSLABS
INE255D01024,GULPOLY
INE456C01012,DFMFOODS
INE482B01010,TERASOFT
INE353K01014,ITDC
INE598C01011,HISARMETAL
INE019A01038,JSWSTEEL
INE908V01012,LIBAS
INE994V01012,PROLIFE
INE970N01027,SPCENET
INE334A01023,STERTOOLS
INE707C01018,CAPTRUST
INE263W01010,MAHESHWARI
INE474E01029,BHANDARI
INE118H01025,BSE
INE813V01014,MCL
INE818H01020,LTFOODS
INE726V01018,PRICOLLTD
INE336H01023,GAYAPROJ
INE070C01037,COMPINFO
INE395H01011,STEELCITY
INE863T01013,JITFINFRA
INE506W01012,KRISHANA
INE291W01011,GLOBAL
INE439T01012,NITIRAJ
INE753W01010,SANGINITA
INE737W01013,AKASH
INE263A01024,BEL
INE919I01016,RADIOCITY
INE192R01011,DMART
INE781A01025,INTENTECH
INE488B01017,TASTYBITE
INE645W01018,AIRAN
INE542B01011,AKSHARCHEM
INE643K01018,ARIHANTSUP
INE550C01020,URJA
INE558D01013,CORALFINAC
INE201M01011,CLEDUCATE
INE546V01010,EIFFL
INE801V01019,LAXMICOT
INE802W01015,BOHRA
INE740D01017,NRAIL
INE274V01019,SHANKARA
INE295D01020,NACLIND
INE071F01012,APCL
INE888B01018,PODDARHOUS
INE985W01018,CREATIVE
INE593W01010,FOCUS
INE060X01018,DEVIT
INE617I01024,ASLIND
INE964W01013,MKPL
INE112X01017,SIKKO
INE215F01023,WIPL
INE325C01027,DOLLAR
INE895W01019,PANACHE
INE153T01027,BLS
INE344S01016,INFOBEAN
INE520H01022,BEARDSELL
INE977V01017,CKPPRODUCT
INE807K01035,SCHAND
INE358U01012,ZOTA
INE458B01036,BHAGYANGR
INE031A01017,HUDCO
INE837H01020,ADVENZYMES
INE310C01029,HINDCOMPOS
INE488V01015,PSPPROJECT
INE349X01015,JALAN
INE551Q01028,VSCL
INE634W01012,SRIRAM
INE460H01021,STARCEMENT
INE574I01035,ARCOTECH
INE581X01013,GLOBE
INE010J01012,TEJASNET
INE406M01024,ERIS
INE736A01011,CDSL
INE869I01013,GTPL
INE113X01015,ACCORD
INE949L01017,AUBANK
INF846K01ZL0,AXISNIFTY
INE728W01012,PUSHPREALM
INF109KB10T8,LOWVOLIETF
INE668X01018,BANSAL
INE792X01016,TRANSWIND
INE543V01017,ACEINTEG
INE632X01014,SHRENIK
INE256H01015,DYNPRO
INE517U01013,AGLSL
INE363W01018,BHAGYAPROP
INE048G01026,NAVINFLUOR
INE503B01013,STEELXIND
INE170V01019,SALASAR
INE805D01034,SUNTECK
INE829A01014,BIOFILCHEM
INE562X01013,UNIVASTU
INE349W01017,AVADHSUGAR
INE335W01016,GANGESSECU
INF174K014P6,NIFTY1
INE347W01011,MAGADSUGAR
INE471W01019,PALASHSECU
INE924D01017,THEINVEST
INE933X01016,SHANTI
INE558D01021,CORALFINAC
INE586X01012,GTECJAINX
INE336X01012,TOTAL
INE350C01017,OPTIEMUS
INE501W01021,SPTL
INF789FC1N82,UTINEXT50
INE082W01014,WEWIN
INE285J01010,SIS
INE704P01017,COCHINSHIP
INE366A01041,DWARKESH
INE320X01016,SMSLIFE
INE972X01014,VAISHALI
INE500X01013,LEXUS
INE669X01016,GEEKAYWIRE
INE782X01017,SERVOTECH
INE674K01013,ABCAPITAL
INE325C01035,DOLLAR
INE483S01020,INFIBEAM
INE346W01013,APEX
INE124Y01010,PASHUPATI
INE583C01021,DECCANCE
INE727S01012,BRNL
INE935N01012,DIXON
INE104Y01012,MANAV
INE317F01035,NESCO
INE385W01011,DCAL
INE670X01014,LASA
INE866R01028,MATRIMONY
INE217K01011,RHFL
INE528G01027,YESBANK
INE264T01014,CAPACITE
INE149A01033,CHOLAHLDNG
INE672X01010,BABAFOOD
INE765G01017,ICICIGI
INE645H01027,SUTLEJTEX
INE196Y01018,WORTH
INE105Y01019,MPTODAY
INE763I01026,TARIL
INE123W01016,SBILIFE
INE090Y01013,CADSYS
INE219Y01018,RMDRIP
INE754X01016,AARVI
INE393P01035,DIAMONDYD
INE864X01013,DPWIRES
INE070Y01015,INNOVATIVE
INE238Y01018,TIRUPATI
INE801L01010,AIROLAM
INE039C01032,JAMNAAUTO
INE786W01010,RKEC
INE405Y01013,GOLDSTAR
INE224E01036,GATECHDVR
INE978A01027,HERITGFOOD
INE039O01011,JASH
INE375Y01018,RELIABLE
INE351Y01019,BETA
INE289S01013,CMMIPL
INE319Y01016,TIRUPATIFL
INE477A01020,CANFINHOME
INE338Y01016,OMFURN
INE850D01014,GODREJAGRO
INE376Y01016,MILTON
INE822C01015,TCPLPACK
INE348L01012,MASFIN
INE266Y01019,DPABHUSHAN
INE022Q01012,IEX
INE637C01025,POKARNA
INE481Y01014,GICRE
INE076B01028,SIYSIL
INE446A01025,ATLASCYCLE
INE974X01010,TIINDIA
INE298J01013,NAM-INDIA
INE610C01014,ARENTERP
INE203G01027,IGL
INE766P01016,MAHLOG
INE470Y01017,NIACL
INE195Y01010,SECURCRED
INE133Y01011,IFGLEXPOR
INE834I01025,KHADIM
INE618L01018,5PAISA
INE795G01014,HDFCLIFE
INE635Y01015,AISL
INE335X01014,PULZ
INE188Y01015,VERTOZ
INF109KB15Y7,ICICIB22
INE625X01018,SILVERTUC
INE901X01013,FELIX
INE761Y01019,ZODIAC
INE520Y01019,ICEMAKE
INE365I01020,NBIFIN
INE016M01021,DNAMEDIA
INE715Y01015,SHRADHA
INE403Y01018,INNOVANA
INE610B01024,GUJRAFFIA
INE597J01018,SHALBY
INE935Q01015,FSC
INE486Y01013,TOUCHWOOD
INE840Y01011,ONEPOINT
INE705C01020,SHIVATEX
INE702Y01013,SMVD
INE247D01021,JINDWORLD
INE646X01014,ASTRON
INE820Y01013,AJOONI
INE514Y01012,MOKSH
INE410D01017,RAMGOPOLY
INE977Y01011,BCONCEPTS
INE253B01015,21STCENMGM
INE203Y01012,SILLYMONKS
INE507Y01016,SKSTEXTILE
INE713T01010,APOLLO
INE619B01017,NEWGEN
INE371P01015,AMBER
INE546Y01022,PRAXIS
INE142A01012,OSWALAGRO
INE880Y01017,SOLEX
INE008Z01012,SRPL
INE068Z01016,VASA
INE600K01018,GALAXYSURF
INE749Y01014,AMJUMBO
INE129Z01016,SINTERCOM
INE450S01011,MHHL
INE980Y01015,SOUTHWEST
INE006Z01016,ARVEE
INE914M01019,ASTERDM
INE644Y01017,SHIVAMILLS
INE862Y01015,BANKA
INE541A01023,GMMPFAUDLR
INE418Y01016,CKPLEISURE
INE926X01010,HGINFRA
INE642Y01011,HINDCON
INE324X01018,SARVESHWAR
INE481Z01011,UNIINFO
INF740KA1EU7,LIQUIDETF
INE891B01012,DCMFINSERV
INE092B01025,INDNIPPON
INE155Z01011,MACPOWER
INE171Z01018,BDL
INE575Z01010,MDL
INE555Z01012,TARACHAND
INE545U01014,BANDHANBNK
INE202Z01029,SUNDARMHLD
INE066F01012,HAL
INE568Z01015,URAVI
INE614Z01017,GIRIRAJ
INE278R01018,KARDA
INE997Y01019,MITTAL
INE278H01035,SANDHAR
INE660C01027,CENTRUM
INE340Z01019,CONTI
INE763G01038,ISEC
INE542Z01010,KAPSTON
INE099Z01011,MIDHANI
INE843B01013,MAHAPEXLTD
INE182D01020,MARATHON
INE970X01018,LEMONTREE
INE680Z01018,AVG
INE293B01029,HAVISHA
INE511Y01018,MMP
INE301Z01011,SONISOYA
INE182Z01015,SSINFRA
INE709Z01015,VERA
INE098F01031,AMRUTANJAN
INE117Z01011,NARMADA
INE602A01023,PCBL
INE557Z01018,PIGL
INE032Z01012,BSHSL
INE783X01023,CHEMFAB
INE175Y01012,PENTAGOLD
INE961Y01015,MAHICKRA
INE095N01031,NBCC
INE087Z01016,AAKASH
INE925Y01010,GODHA
INE728Z01015,SOFTTECH
INE142Z01019,ORIENTELEC
INE255Z01019,E2E
INF109KC1CZ3,ICICI500
INE574Z01013,FIVECORE
INE896L01010,INDOSTAR
INE666D01022,BORORENEW
INE792Z01011,SIRCA
INE591Q01016,SUULD
INE00CE01017,SVLL
INE411Y01011,DIL
INE262Z01015,LATTEYS
INE872H01027,LUMAXTECH
INE00LM01011,SONAMLTD
INE364U01010,ADANIGREEN
INE854D01024,UNITDSPR
INE481K01021,ELECTROSL
INE832A01018,MODIRUBBER
INE00IK01011,OSWALSEEDS
INE974Z01015,PRITI
INE648Z01015,ACCURACY
INE950G01023,UNIPLY
INE871C01038,AVANTIFEED
INE111A01025,CONCOR
INE624Z01016,SOLARA
INE816B01027,FILATEX
INE287Z01012,GAYAHWS
INE627Z01019,TALWGYM
INE686Y01026,FINEORG
INE320J01015,RITES
INE665L01035,VARROC
INE684Z01010,BRIGHT
INE632X01022,SHRENIK
INE691Z01015,GANGAFORGE
INE00N401018,JAKHARIA
INE364Z01019,REPL
INE00C501018,AMBANIORGO
INE652Z01017,AVROIND
INE550B01022,HBSL
INE778U01029,TCNSBRANDS
INE00NI01015,UCL
INE127D01025,HDFCAMC
INE528K01029,GALLISPAT
INE869Y01010,TEMBO
INE645W01026,AIRAN
INE338A01024,TIRUMALCHM
INE741K01010,CREDITACC
INE650Z01011,POWERFUL
INE529F01035,SIGIND
INF109KC1JI4,ICICINXT50
INE721Z01010,AARON
INE688Y01014,DANGEE
INE319Z01013,SUPREMEENG
INE00SZ01018,MARSHALL
INE748Z01013,SUMIT
INE520A01027,ZENSARTECH
INE743C01021,JSWISPL
INE548Z01017,LAGNAM
INE760W01015,RPPL
INE00Y801016,AKG
INF109KC1KT9,LIQUIDIETF
INE00PV01013,AHLADA
INE962Y01013,IRCON
INE01EO01010,SPECTRUM
INE890A01024,JMCPROJECT
INE216P01012,AAVAS
INE013801019,KSHITIJPOL
INE00KV01014,RAJMET
INE00U801010,PARIN
INE382Z01011,GRSE
INE00Z501011,KRITIKA
INE01II01013,SILGO
INE01JE01010,MARINE
INE01KI01019,VINNY
INE451F01024,APOLSINHOT
INE01EE01011,BBTCL
INE022Q01020,IEX
INE01GN01017,IRISDOREME
INE497D01022,DAMODARIND
INE00F301010,UWCSL
INE247D01039,JINDWORLD
INE456C01020,DFMFOODS
INE399L01023,ATGL
INE190H01024,SAKUMA
INF109KC1NT3,GOLDIETF
INF109KC1NS5,NEXT50IETF
INF769K01EG9,NIFTYETF
INE216A01030,BRITANNIA
INE01Z401013,SHUBHLAXMI
INE285K01026,TECHNOE
INE02CV01017,DRSDILIP
INF200KA1WX6,SBIETFQLTY
INE00R701017,OCLINDIA
INF209KB1B87,ABSLNN50ET
INE00S901012,NILASPACES
INE00CA01015,TREJHARA
INF277K015R5,NETF
INE844O01030,GUJGASLTD
INE00R701025,DALBHARAT
INE425Y01011,RPSGVENT
INE020801028,SPENCERS
INE845C01016,SUBCAPCITY
INF204KB1V68,MID150BEES
INE01P501012,XELPMOC
INE01ZJ01015,SURANI
INE427F01016,CHALET
INE919I01024,RADIOCITY
INE00RQ01019,MINDPOOL
INE294Z01018,ANUP
INE955V01021,ARVINDFASN
INF789F1AHR6,UTISXN50
INE00CO01016,ARTEDZ
INE255X01014,MSTCLTD
INE06IR01013,OSIAHYPER
INE391Z01012,CKFSL
INE415G01027,RVNL
INE00UG01014,KHFM
INE112L01020,METROPOLIS
INE455K01017,POLYCAB
INE04I401011,KPITTECH
INE813V01022,MCL
INF666M01FS5,IBMFNIFTY
INE136S01016,NEOGEN
INE161L01027,VIKASLIFE
INE412C01023,JMA
INE04LG01015,PAR
INE830C01026,EMAMIPAP
INE087J01028,GBGLOBAL
INE552D01024,CONFIPET
INE050001010,PPL
INE121A01024,CHOLAFIN
INE03JI01017,DGCONTENT
INE933S01016,INDIAMART
INE116A01032,APCOTEXIND
INE959C01023,OAL
INE573R01012,SEYAIND
INE00YB01017,ABINFRA
INF109KC1E27,ICICIBANKN
INE08KP01019,DCMNVL
INE170E01015,SATIA
INE534A01028,GFSTEELS
INE02WG01016,WEL
INE00WC01019,AFFLE
INF109KC1E35,PVTBANIETF
INE905P01028,BCP
INE966A01022,DOLATALGO
INE451A01017,FORCEMOT
INE254N01018,HNDFDS
INE023S01016,JIYAECO
INE974C01022,WINPRO
INE717A01029,KENNAMET
INE232A01011,SHREDIGCEM
INE572J01011,SPANDANA
INE285B01017,SPICEJET
INE767B01022,VIKASPROP
INE706A01022,VIKASWSP
INE054C01015,WATERBASE
INE274F01020,WESTLIFE
INE630A01024,SESHAPAPER
INE00M201021,SWSOLAR
INE755Q01025,VISHAL
INF277K010X4,NPBET
INE429E01023,SAFARI
INE00Y701018,SECL
INE466L01020,360ONE
INE040A01034,HDFCBANK
INE489L01022,IIFLSEC
INE719F01016,SHIVAUM
INE335Y01012,IRCTC
INE06MH01016,GOLDKART
INE430N01014,VISHWARAJ
INE09N301011,FLUOROCHEM
INE170E01023,SATIA
INE08ZM01014,GREENPANEL
INE529I01013,KUANTUM
INF209KB1O58,ABSLBANETF
INE126J01016,APOLLOPIPE
INE884B01025,KIRLFER
INE995D01025,CHEMBOND
INE0APB01016,MGEL
INE679A01013,CSBBANK
INE08KD01015,ASCOM
INE551W01018,UJJIVANSFB
INE064C01022,TRIDENT
INF204KB15I9,BANKBEES
INF204KB17I5,GOLDBEES
INF204KB19I1,HNGSNGBEES
INF204KB18I3,NV20BEES
INF204KB14I2,NIFTYBEES
INF204KB16I7,PSUBNKBEES
INE05AN01011,HINDWAREAP
INE0A1101019,DCI
INE689W01016,PRINCEPIPE
INF754K01KN4,EBBETF0423
INF754K01KO2,EBBETF0430
INE098201010,VCL
INE285J01028,SIS
INE025R01013,ARTEMISMED
INE05X901010,HPIL
INE619A01035,PATANJALI
INE258G01013,SUMICHEM
INF109KC1G82,MIDCAPIETF
INF769K01FN2,NEXT50
INE410B01037,VINATIORGA
INE0AEJ01013,BIRLATYRE
INE073G01016,ASALCBR
INE215D01010,MAHEPC
INE03V001013,UNIVPHOTO
INE270A01029,ALOKINDS
INE878I01022,BAFNAPH
INE03QK01018,SUVENPHAR
INE018E01016,SBICARD
INE528G01035,YESBANK
INE07Y701011,POWERINDIA
INE902B01017,S&SPOWER
INE962Y01021,IRCON
INE258Y01016,LGHL
INE451D01011,RAJRATAN
INE861B01023,MOTOGENFIN
INF204KB15V2,ITBEES
INE278R01026,KARDA
INE0D6I01015,KSOLVES
INE09EO01013,AARTISURF
INE529I01021,KUANTUM
INE02PY01013,BOROLTD
INE02A801020,ROSSARI
INF846K01W80,AXISGOLD
INF846K01W98,AXISNIFTY
INF754K01LD3,EBBETF0425
INF754K01LE1,EBBETF0431
INE07OG01012,NDRAUTO
INF109KC1N59,ALPL30IETF
INF109KC1N67,ICICITECH
INE027H01010,MAXHEALTH
INE066A01021,EICHERMOT
INF179KC1AN8,HDFCNIFBAN
INE0CG601016,MAXIND
INF789F1AUN8,UTIBANKETF
INE419U01012,HAPPSTMNDS
INE450U01017,ROUTE
INE932X01018,SHAREINDIA
INE961D01019,UNIDT
INE947Q01028,LAURUSLABS
INE0CHO01012,ADL
INE03YM01018,CHEMCON
INE368I01016,NIRAJ
INE732I01013,ANGELONE
INE596I01012,CAMS
INE036B01030,GAEL
INE533A01012,GOODYEAR
INE234A01025,NOVARTIND
INE565V01010,VALIANTORG
INE294G01026,ROML
INE632X01030,SHRENIK
INE249Z01012,MAZDOCK
INE094J01016,UTIAMC
INE0D0U01013,AAATECH
INE0ALR01011,ATALREAL
INE060901019,LIKHITHA
INE480C01020,SDBL
INE0A0S01010,SIGMA
INE0EEJ01015,BTML
INE0AJG01018,HEMIPROP
INF200KA1S14,SBIETFIT
INF200KA1S22,SBIETFPB
INE745B01028,KHAICHEM
INE063P01018,EQUITASBNK
INE191A01027,ORCHPHARMA
INE754A01055,SUBEXLTD
INF846K01X63,AXISBNKETF
INF204KB18W4,SDL24BEES
INE068V01023,GLAND
INF769K01GS9,ESG
INE07T201019,RBA
INE702C01027,APLAPOLLO
INF247L01AK4,MOGSEC
INE09E501017,RVHL
INE0EK901012,TARC
INE495P01012,BECTORFOOD
INE0DNW01011,FAIRCHEMOR
INE01BK01022,AWHCL
INE694E01014,KANPRPLA
INE482D01024,CARYSIL
INE053F01010,IRFC
INE09VQ01012,INDIGOPNTS
INE481N01025,HOMEFIRST
INE00IN01015,STOVEKRAFT
INE186H01022,BASML
INE854S01022,GENCON
INF179KC1981,HDFCGOLD
INF179KC1965,HDFCNIFTY
INF179KC1973,HDFCSENSEX
INF789F1AUV1,UTIBANKETF
INF789F1AUU3,UTISXN50
INE052T01013,BESTAGRO
INE461D01010,HLEGLAS
INE01JE01028,MARINE
INE103C01036,SMCGLOBAL
INE0DSF01015,NURECA
INE0DD101019,RAILTEL
INE412G01016,BCLIND
INE694N01015,HERANBA
INF174KA1GC5,IT
INE06ZX01015,PARTYCRUS
INE07S101020,PAVNAIND
INE03RS01019,DRCSYSTEMS
INE864I01014,MTARTECH
INE935N01020,DIXON
INE07O001018,EASEMYTRIP
INE0BY001018,JUBLINGREA
INE930P01018,ANURAS
INE00LO01017,CRAFTSMAN
INE055C01020,KEEPLEARN
INE576O01020,LXCHEM
INF789F1AUX7,GOLDSHARE
INE303R01014,KALYANKJIL
INE428Q01011,SURYODAY
INF789F1AUW9,UTINEXT50
INE418L01021,NAZARA
INE749B01020,ORTINGLOBE
INF846K01Y96,AXISTECETF
INF204KC1022,SDL26BEES
INE018401013,SUVIDHAA
INE382M01027,BARBEQUE
INE0A1E01018,SIDDHIKA
INF204KC1030,GILT5YBEES
INE0GXK01018,VMARCIND
INE183A01024,FINPIPE
INE670K01029,LODHA
INE597I01028,SHARDAMOTR
INE792B01012,AMBICAAGAR
INE0FHS01016,DEEPINDS
INE737D01021,MODISONLTD
INE858B01029,ISGEC
INE884A01027,VAIBHAVGBL
INE150B01039,ALKYLAMINE
INE419D01026,CLSEL
INF769K01HF4,MAFANG
INF846K01Z04,AXISBPSETF
INE217G01035,EQUIPPP
INF846K01Z12,AXISHCETF
INF109KC1Q72,HEALTHIETF
INE02AR01019,ANMOL
INE0FLR01028,IWEL
INE420B01028,ARIHANTCAP
INE505Y01010,VINEETLAB
INF247L01AP3,MON100
INE0CAJ01017,AILIMITED
INE386D01027,SBCL
INE810G01011,SHYAMMETL
INE073K01018,SONACOMS
INE878H01024,INVENTURE
INE021O01019,DODLA
INE967H01017,KIMS
INE0D6701023,IPL
INE613B01010,ICDSLTD
INF204KC1089,PHARMABEES
INE0G2G01015,WALPAR
INE308E01029,SVPGLOB
INE514Y01020,MOKSH
INE227W01023,CLEAN
INE201P01022,GRINFRA
INF174KA1HJ8,GOLD1
INE758T01015,ZOMATO
INE542W01017,KPIGREEN
INE484C01030,TIDEWATER
INE00QT01015,SGIL
INF200KA1X17,SBIETFCON
INE0GK401011,TATVA
INE239C01020,STYLAMIND
INE449C01025,ANDREWYU
INE581X01021,GLOBE
INE266D01021,GRAUWEIL
INF769K01HI8,BFSI
INE198H01019,AAREYDRUGS
INE03Q201024,GLS
INE645S01016,ROLEXRINGS
INF109KC1R48,FMCGIETF
INE0FFK01017,NPST
INE583R01029,PRITIKAUTO
INE00D001018,REXPIPES
INE583D01011,UGROCAP
INE278R01034,KBCGLOBAL
INE872J01023,DEVYANI
INE0GFE01018,EXXARO
INE08LI01020,KRSNAA
INE0H5O01029,WINDLAS
INE071N01016,EPIGRAL
INE0CT101020,MOL
INE290S01011,CARTRADE
INE236Y01012,NGIL
INE229C01021,SAGCEM
INE118D01016,NUVOCO
INE852O01025,APTUS
INE488A01050,CHEMPLASTS
INE0HPK01012,DUGLOBAL
INE384C01016,YUKEN
INE251C01025,ABMINTLLTD
INE00FF01017,AMIORG
INE691Z01023,GANGAFORGE
INE043W01024,VIJAYA
INE0HQI01014,BEWLTD
INE388A01029,GANESHBE
INE575C01027,INTLCONV
INE486A01021,CESC
INF846K016C7,AXISCETF
INE025R01021,ARTEMISMED
INF769K01HP3,MASPTOP50
INE953O01021,SANSERA
INE930H01031,KPRMILL
INE0GOJ01027,QUADPRO
INE201M01029,CLEDUCATE
INE045601015,PARAS
INF209KB1119,BSLSENETFG
INE00WC01027,AFFLE
INE377E01016,COASTCORP
INE02KC01010,JAINAM
INE319Y01024,TIRUPATIFL
INE404A01024,ABSLAMC
INE0I3Y01014,BMETRICS
INE818B01023,PASUPTAC
INE0IGO01011,DESTINY
INE0DZ701010,DYNAMIC
INE414D01019,BHAGCHEM
INE731U01028,DIGJAMLMTD
INE748C01038,3IINFOLTD
INE0GN101014,DKEGL
INE430N01022,VISHWARAJ
INE177H01021,GPIL
INE646B01010,MEDICAMEQ
INF209KB10C2,HEALTHY
INE105I01020,SELMC
INF109KC1V59,BSE500IETF
INE335Y01020,IRCTC
INE567A01028,NIPPOBATRY
INF109KC1V42,CONSUMIETF
INE0J0B01017,KOTYARK
INE370D01013,MANORG
INF209KB11D8,TECH
INE864K01010,IRIS
INE388Y01029,NYKAA
INF740KA1QK2,EQUAL50ADD
INE02NC01014,FINOPB
INE0J6L01013,NIDAN
INE417T01026,POLICYBZR
INE0D0K01014,SIGACHI
INE284S01014,SJS
INE412U01025,BIGBLOC
INE976E01023,FOODSIN
INE982J01020,PAYTM
INE806T01012,SAPPHIRE
INE802C01025,SSWL
INE0I7C01011,LATENTVIEW
INE04AK01010,SBC
INE124E01020,STEELCAS
INE411U01027,BAJAJHCARE
INE506Z01015,DHRUV
INE017W01010,SMLT
INF209KB17D5,ABSLBANETF
INF209KB16D7,ABSLNN50ET
INF209KB18D3,BSLGOLDETF
INF209KB19D1,BSLNIFTY
INF209KB10E8,BSLSENETFG
INE144Z01023,TARSONS
INE0BJS01011,GOCOLORS
INE505A01010,DMCC
INE276G01015,ASIANENE
INE788J01021,SHIVALIK
INF769K01HS7,MAHKTECH
INE575P01011,STARHEALTH
INE955I01044,SEJALLTD
INE011K01018,TEGA
INE463V01026,ANANDRATHI
INE690A01028,TTKPRESTIG
INF754K01OB1,BBETF0432
INF082J01408,QGOLDHALF
INE0CLI01024,RATEGAIN
INE287C01037,MICEL
INE217L01019,SHRIRAMPPS
INE0BV301023,MAPMYINDIA
INE317I01021,METROBRAND
INE391J01024,JTLIND
INE804L01022,MEDPLUS
INE0JM501013,NRL
INE372C01037,PRECWIRE
INE225C01029,UDAICEMENT
INE0IX101010,DATAPATTNS
INE843D01027,DCMSRIND
INE505V01016,EUROBOND
INE034D01049,PTL
INE0GSL01016,HPAL
INE0I7D01019,FOCE
INE07RO01027,SUPRIYA
INF174KA1IA5,ALPHA
INF247L01AU3,MONQ50
INF740KA1CL0,NIFTY50ADD
INF740KA1QL0,MIDQ50ADD
INE715B01021,ANDHRSUGAR
INE925R01014,CMSINFO
INE0IA701014,VIVO
INE903D01011,MONARCH
INF200KA16D8,SETFGOLD
INE08PH01015,ABCOTS
INE571A01038,IPCALAB
INE0IJY01014,TIMESCAN
INF109KC1Y49,AUTOIETF
INE840Y01029,ONEPOINT
INF204KC1337,AUTOBEES
INE112D01035,MHLXMIRU
INE583L01014,AGSTRA
INF109KC1Y56,SILVERIETF
INE0HKW01018,PRECISION
INE389C01015,MALLCOM
INF769K01IB1,MAKEINDIA
INE291A01017,GRWRHITECH
INF209KB19F6,SILVER
INE087Z01024,AAKASH
INF174KA1IB3,MIDCAP
INE418N01035,ESSENTIA
INF204KC1402,SILVERBEES
INE699H01024,AWL
INE513A01022,SCHAEFFLER
INE544R01021,GREENLAM
INE296C01020,FIBERWEB
INE825V01034,MANYAVAR
INE00EM01016,MEGASTAR
INF247L01AX7,MOMOMENTUM
INE0J1P01015,RICHA
INE570A01014,IONEXCHANG
INE927D01044,JBMA
INE0JR301013,MADHAVBAUG
INE04AK01028,SBC
INE610E01010,KALYANI
INE319Z01021,SUPREMEENG
INF109KC14A8,GSEC5IETF
INE03KJ01013,SHIGAN
INF769K01IC9,MIDCAPETF
INE399G01023,RKFORGE
INE451D01029,RAJRATAN
INE533D01032,RAJRILTD
INE03RS01027,DRCSYSTEMS
INE079J01017,GATEWAY
INE0JW501011,SPRL
INE0CU601026,GMRP&UI
INE0HS001010,COOLCAPS
INE925Y01036,GODHA
INE825A01020,VTL
INE0KNW01016,KNAGRI
INE0FS801015,MSUMI
INE0GMR01016,SWARAJ
INE025B01025,GOLDIAM
INE803D01021,INDOBORAX
INF174KA1IY5,LOWVOL1
INF247L01BA3,MOLOWVOL
INE098201028,VCL
INE0GGO01015,KRISHIVAL
INE0KN801013,PROPEQUITY
INE151G01010,SHAILY
INE0J5601015,KRISHNADEF
INE426Z01016,OBCL
INE0GIU01018,UMAEXPORTS
INE102B01014,CHOICEIN
INF277KA1364,TNIDETF
INE0IQ001011,VERANDA
INE668G01021,ELDEHSG
INE626Z01011,HARDWYN
INE602A01031,PCBL
INE01EG01016,RITCO
INE420B01036,ARIHANTCAP
INE00EV01017,HARIOMPIPE
INE0J5801011,JSLL
INE797F01020,JUBLFOOD
INE535D01029,ROTO
INE979A01025,SAREGAMA
INE751B01018,PIXTRANS
INE760F01028,INDOAMIN
INE992I01013,STARTECK
INE278Y01022,CAMPUS
INE0G1L01017,LEMERITE
INE615R01029,TRU
INE359U01010,LANCER
INE961O01016,RAINBOW
INE0JZA01018,SONUINFRA
INE676A01027,BBOX
INE0J1Y01017,LICI
INE982V01025,JETFREIGHT
INE00F201020,PRUDENT
INE256Z01017,AKSHAR
INE148O01028,DELHIVERY
INE663A01025,SPLPETRO
INE0JA001018,VENUSPIPES
INE750D01016,RELCHEMQ
INE630Y01016,MEDICO
INE088F01024,PARADEEP
INE04TZ01018,ETHOSLTD
INE01QM01018,EMUDHRA
INE00WS01056,GSTL
INE0BWX01014,AETHER
INE0LQQ01019,FIDEL
INE02OY01016,RILINFRA
INE974B01016,CHEVIOT
INE02EZ01014,AXITA
INE170V01027,SALASAR
INE0HPK01020,DUGLOBAL
INE00VM01010,MANORAMA
INE420C01059,PAISALO
INE0J1E01019,KCK
INE887E01022,NGLFINE
INE0JYY01011,MWL
INE0KZA01016,SKP
INE503B01021,STEELXIND
INE583V01013,RADHIKAJWE
INE722H01024,RGL
INE718F01018,CSLFINANCE
INE254N01026,HNDFDS
INE600Y01019,DYCL
INE207E01023,RAMRAT
INE081A01020,TATASTEEL
INE0LF301013,AGNI
INF174KA1JE5,CONS
INF247L01BB1,MOHEALTH
INE809A01024,RAMAPHO
INF109KC17C7,MOM30IETF
INF179KC1DA9,HDFCNEXT50
INF179KC1DB7,HDFCNIF100
INE970D01010,LOYALTEX
INE0CBM01019,USASEEDS
INF247L01BL0,MOLOWVOL
INF247L01BK2,MOMOMENTUM
INF174KA1JF2,MNC
INE0APB01024,MGEL
INF209KB14K7,MOMENTUM
INF209KB15K4,NIFTYQLITY
INE0KTW01013,VEEKAYEM
INF109KC16E5,INFRAIETF
INE885H01011,SPORTKING
INF740KA1RE3,SILVERADD
INF247L01BH8,MOQUALITY
INF247L01BE5,MOVALUE
INE230R01035,RAMASTEEL
INE0DYJ01015,SYRMA
INE111Q01021,PDSL
INE00Z501029,KRITIKA
INF109KC15I8,BANKIETF
INF109KC16I6,ITIETF
INE035D01020,SOTL
INE0JS101016,DREAMFOLKS
INE688Y01022,DANGEE
INE192H01020,GRMOVER
INF179KC1DI2,HDFCSILVER
INE382T01022,4THDIM
INE0KT901015,AMEYA
INE0I3401014,DBOL
INE0LA901015,JFLLIFE
INE0J6801010,KORE
INE629D01020,BANSWRAS
INE918I01026,BAJAJFINSV
INE668A01016,TMB
INE0MEG01014,VIVIANA
INE0G1D01014,MEGAFLEX
INE0DZ101013,SABAR
INE0LCW01017,ISHAN
INE0M7001010,TAPIFRUIT
INE032Z01020,BSHSL
INE0JUS01029,HARSHA
INE667G01023,SAKSOFT
INE0MGM01017,ANNAPURNA
INF846K011K1,AXISILVER
INE0JOO01013,CLOUD
INE688J01023,EXCEL
INE0MOT01016,KANDARP
INE0CDK01019,MAKS
INF179KC1DJ0,HDFCGROWTH
INF179KC1DL6,HDFCQUAL
INF179KC1DK8,HDFCVALUE
INE0LQS01015,TIPSFILMS
INE820Y01021,AJOONI
INE798K01010,KRITINUT
INE075Z01011,CMRSL
INE0DTQ01028,LLOYDS
INE0FMW01018,QMSMEDI
INE0DGC01025,SWASTIK
INE385O01018,FROG
INE02YR01019,EMIL
INF179KC1DN2,HDFCLOWVOL
INF179KC1DM4,HDFCMOMENT
INE291W01029,GLOBAL
INE461D01028,HLEGLAS
INE0DK501011,PPLPHARMA
INE413G01022,TPLPLASTEH
INE0HMF01019,TRACXN
INE02EZ01022,AXITA
INE0MLZ01019,PHANTOMFX
INE802W01023,BOHRAIND
INE013801027,KSHITIJPOL
INE419M01027,TDPOWERSYS
INE705X01018,GOYALALUM
INE450E01011,SUKHJITS
INE0KL801015,DCXINDIA
INE02EE01019,IPSL
INE0MRA01019,RITEZONE
INE802C01033,SSWL
INE0L4K01016,VITAL
INE139R01012,FUSION
INE0MTP01013,AMIABLE
INE00E101023,BIKAJI
INE474Q01031,MEDANTA
INE963C01033,FAZE3Q
INE312C01025,SYNCOMF
INE128X01021,ACI
INE128S01021,FIVESTAR
INE065D01027,SATINDLTD
INE07O001026,EASEMYTRIP
INF179KC1DX1,HDFCNIFIT
INF179KC1DW3,HDFCPVTBAN
INE918Z01012,KAYNES
INE501Y01019,SCPL
INE510W01014,INOXGREEN
INE263M01029,RUSTOMJEE
INE060X01026,DEVIT
INE518E01015,ZIMLAB
INF109KC17L8,FINIETF
INE00KV01022,RAJMET
INE060901027,LIKHITHA
INE0B1K01014,DJML
INE965B01022,HYBRIDFIN
INE029Q01017,BAHETI
INE00OQ01016,DHARMAJ
INE0MJQ01012,PRITIKA
INE244O01017,UNIPARTS
INF174KA1KU9,SILVER1
INE0L2Y01011,ARHAM
INF754K01QX0,EBBETF0433
INE359U01028,LANCER
INF109KC18O0,GSEC10IETF
INE0M2X01012,ALLETEC
INF109KC19O8,COMMOIETF
INE142Q01026,SULA
INE00ZE01026,AHL
INE559R01029,LANDMARK
INE059901020,IEL
INE0JHH01011,DOLLEX
INE816B01035,FILATEX
INE0NCC01015,ARIHANTACA
INE138Y01010,KFINTECH
INE067901012,UMA
INE050401020,ELIN
INE0N6D01014,MOXSH
INE0N7F01017,HOMESFY
INE323B01016,AVONMORE
INE855R01021,RADIANTCMS
INE0NA301016,RBMINFRA
INF740KA1RX3,BANKETFADD
INE01IU01018,SKYGOLD
INE663A01033,SPLPETRO
INE0LR101013,ANLON
INE035801013,SAH
INE270I01022,VISHNU
INE06PV01010,CMNL
INE784W01015,MANOMAY
INE0LZO01015,DUCOL
INE020D01022,BAIDFIN
INE715Y01023,SHRADHA
INE382T01030,GVPTECH
INE405Y01021,GOLDSTAR
INE0BTI01029,KAMOPAINTS
INE0LRU01027,AARTIPHARM
INE082101010,ARISTO
INF174KA1LV5,LIQUID1
INE782X01025,SERVOTECH
INE0LVM01018,GRCL
INE855F01042,ASMS
INE262Z01023,LATTEYS
INE05ST01010,SBGLP
INE648Z01023,ACCURACY
INE098201036,VCL
INE0MM001019,SHERA
INE0NNS01018,NSLNISP
INF179KC1EZ4,HDFCBSE500
INF179KC1FA4,HDFCMID150
INF179KC1FB2,HDFCSML250
INE0H4B01011,LRRPL
INE395U01014,NINSYS
INE821I01022,IRB
INE0MLA01012,AGARWALFT
INF769K01JP9,GOLDETF
INE01KI01027,VINNY
INE0MO401019,VIAZ
INE466L01038,360ONE
INE063E01046,POCL
INE0NPI01014,SRIVASAVI
INE06IR01021,OSIAHYPER
INE753U01022,DIVGIITTS
INE0O7R01011,SYSTANGO
INE0NLB01018,VERTEXPLUS
INF209KB18T9,ABSLLIQUID
INE630Y01024,MEDICO
INE106T01025,HITECH
INE0O4M01019,MCON
INF109KC10S8,PSUBNKIETF
INE0I3H01019,VELS
INE0JSX01015,GSLSU
INE0O1M01015,QFIL
INE0OK701014,NIRMAN
INF846K010Q0,AXSENSEX
INF769K01JU9,LOWVOL
INE0N0Y01013,USK
INE642Z01018,AKI
INE280H01015,SAHYADRI
INE0FHS01024,DEEPINDS
INE740X01015,LAL
INF769K01KF8,GSEC10YEAR
INE0O2D01012,SOTAC
INE0MRE01011,INFINIUM
INE0LCL01028,AVALON
INE0N7S01010,MOS
INE0N7W01012,BLAL
INF789F1AYK6,SILVERETF
INE014B01011,TECILCHEM
INE0NZW01014,PATTECH
INE716B01029,TIPSINDLTD
INE0O6N01012,AGUL
INE705X01026,GOYALALUM
INE508K01013,RHL
INE811A01020,KIRLPNU
INE0K4D01020,QUICKTOUCH
INE539B01017,VIRINCHI
INE713T01028,APOLLO
INE00Y701026,SECL
INF740KA1SW3,GOLDETFADD
INE888C01040,SADHNANIQ
INE634S01028,MANKIND
INE084Q01012,RACE
INE666E01020,ACL
INE09KD01013,ATAM
INE0JWV01011,DENEERS
INE0JOO01021,CLOUD
INE392A01021,VISAKAIND
INE008Z01020,SRPL
INE0NUL01018,AUROIMPEX
INE0NR701018,KRISHCA
INE583V01021,RADHIKAJWE
INE0O5T01011,REMUS
INE0OFK01019,CRAYONS
INE0N5801013,DENTALKART
INE626Z01029,HARDWYN
INE0ONE01016,PROV
INE0NNZ01013,INFOLLION
INE596F01018,PTCIL
INE0PA801013,GHCLTEXTIL
INE570A01022,IONEXCHANG
INE0LEX01011,SAHANA
INE0O4R01018,KDL
INF769K01KG6,SILVRETF
INE200M01021,VBL
INE0LOJ01019,IKIO
INE325D01025,SINDHUTRAD
INE642Z01026,AKI
INE0OL001018,SPECTSTM
INE0O0201019,URBAN
INE760Y01011,ASHOKAMET
INE0O0001013,CELLPOINT
INE0OB201016,AATMAJ
INE0L4V01013,VILINBIO
INE06H201014,GENSOL
INE0ECP01016,HMAAGRO
INE0ITO01014,ESFL
INE0O7P01015,GREENCHEF
INE0O1S01012,MAGSON
INE349Y01013,IDEAFORGE
INE0ORS01017,PENTAGON
INE01C001018,AARTECH
INE055S01018,CYIENTDLM
INE0PS501019,GLOBALPET
INE551D01018,PAKKA
INF740KA1SX1,ITETFADD
INE0BTR01012,SYNOPTICS
INE0LWY01029,TRIDHYA
INE602W01019,SENCO
INE281B01032,LLOYDSME
INE0P7201019,DRONE
INE735W01017,UTKARSHBNK
INF769K01KR3,BANKETF
INE0P1Q01015,SERVICE
INE215I01027,MAANALU
INE0NT901020,NETWEB
INE782X01033,SERVOTECH
INE256Z01025,AKSHAR
INF769K01KS1,LIQUID
INF740KA1SY9,PSUBANKADD
INF740KA1TA7,PVTBANKADD
INF740KA1SZ6,SENSEXADD
INE08S201019,YCCL
INE385C01021,SARDAEN
INE0OMF01015,SHRITECH
INE0JO301016,YATHARTH
INE342G01023,NIITMTS
INE0PPS01018,ZEAL
INE0NN701020,ATL
INF109KC15T5,QUAL30IETF
INE0O3901029,TREL
INE01GN01025,IRISDOREME
INE0OUT01019,ORIANA
INE0LXT01019,REDTAPE
INE0OSJ01014,VINSYS
INE03HW01020,VLEGOV
INE423Y01016,SBFC
INE0OVI01010,SANGANI
INE09FA01019,YUDIZ
INE338H01029,CONCORDBIO
INE00IK01029,OSWALSEEDS
INE0ON201012,SSFL
INE920A01029,DOLPHIN
INE758E01017,JIOFIN
INE559N01010,SRGHFL
INE616Z01012,YASHO
INE395N01027,TVSSCS
INE846D01012,LORDSCHLO
INE0MIS01010,PYRAMID
INE00NH01017,CLSL
INE024001021,AEROFLEX
INF179KC1HE2,HDFCLIQUID
INE0O3O01017,SEL
INF789F1AYX9,NIFMID150
INE0AE001013,VPRPL
INE013901017,SAHAJ
INE0QBU01012,CPS
INE0OIP01012,MONOPHARMA
INE149K01016,SANDUMA
INE982B01027,ADFFOODS
INE0OCC01013,BASILIC
INE05CZ01011,RATNAVEER
INE0N2P01017,RISHABH
INE0O7A01017,PRAMARA
INE0PCL01011,SAROJA
INE324X01026,SARVESHWAR
INE989C01020,DIACABS
INE572A01036,JBCHEPHARM
INE0N5H01017,JIWANRAM
INE682M01012,JLHL
INE777K01022,RRKABEL
INE0OV601013,EMSLIMITED
INE0PRF01011,UNIHEALTH
INE08U801020,SAMHI
INE07K301024,ZAGGLE
INE0PT101017,CHAVDA
INE591D01014,DIAMINESQ
INE0LXA01019,HOLMARC
INF959L01HI3,NAVINIFTY
INF789F1AZC0,UTINIFTETF
INE0OWX01025,KEL
INE0P6701019,MADHUSUDAN
INE531F01015,NUVAMA
INE438K01021,KALAMANDIR
INE0Q7P01013,KODYTECH
INE903U01023,SIGNATURE
INE0OMO01017,CELLECOR
INE066F01020,HAL
INE0PIC01017,HIGREEN
INE0QP001012,MARCO
INE0JR601024,YATRA
INE0OJM01017,MASTER
INE880J01026,JSWINFRA
INE0KNT01012,MVGJL
INE0PSK01027,SAAKSHI
INE0QJ901011,DIGIKORE
INE00C401011,MAL
INE851I01011,UDS
INE0NDX01019,INSPIRE
INE0PW501021,NEWJAISA
INE593W01028,FOCUS
INF247L01BU1,MONIFTY500
INF769K01KT9,SENSEXETF
INE335A01020,SURYAROSNI
INE0JWS01017,VALIANTLAB
INE0OLS01010,VINYAS
INE08NJ01024,ARABIAN
INE0KFF01017,EFACTOR
INE0D0K01022,SIGACHI
INE0KZ301010,KONTOR
INE083B01024,THEMISMED
INE0PQ001012,VISHNUINFR
INE0QG301017,CANARYS
INE0QFE01017,GOYALSALT
INE0OPS01011,OLIL
INE0MGA01012,KARNIKA
INE0INJ01017,PLAZACABLE
INE460Q01014,SCML
INE075B01020,SICALLOG
INE0PXD01014,PLADAINFO
INE0BTM01013,SECMARK
INE388G01026,TCLCONS
INE597Z01014,COMMITTED
INF179KC1HU8,HDFCLOWVOL
INF179KC1HT0,HDFCMID150
INF179KC1HV6,HDFCMOMENT
INF179KC1HS2,HDFCNEXT50
INF179KC1HR4,HDFCNIF100
INE669X01024,GEEKAYWIRE
INE0P4T01013,ACSAL
INE07U701015,IRMENERGY
INE571B01036,JAYBARMARU
INF769K01KU7,ALPHAETF
INE412G01024,BCLIND
INF769K01KV5,ITETF
INE187D01029,TALBROAUTO
INE0Q9601016,WOMANCART
INE03EI01018,MAXESTATES
INE0BZQ01011,RCDL
INE0KBH01020,BLUEJET
INE997Y01027,MITTAL
INE00ER01015,ONDOOR
INE068L01024,CANTABIL
INF200KA13Z8,LIQUIDSBI
INE0N4G01012,PARAGON
INE0Q9Q01017,SHANTHALA
INE0LMW01024,CELLO
INE08KJ01020,MUFIN
INE0NVI01020,TRANSTEEL
INE0J5401028,HONASA
INE0PLQ01011,MAITREYA
INE0PUC01020,SARTELE
INE0GSL01024,HPAL
INE275D01022,AMNPLST
INF754K01SE6,EGOLD
INE818W01011,ESAFSFB
INE642Y01029,HINDCON
INE0PZK01014,MICROPRO
INE964W01021,MKPL
INE491J01022,ASKAUTOLTD
INE0QW501012,BABAFP
INE0ALR01029,ATALREAL
INE0PDJ01013,ROXHITECH
INE0PLZ01012,SUNREST
INE151G01028,SHAILY
INF754K01SF3,ESILVER
INE202E01016,IREDA
INE007N01010,FEDFINA
INE717W01049,GANDHAR
INE0PTR01012,ROCKINGDCE
INE142M01025,TATATECH
INE00Y201027,FLAIR
INE518X01015,CBAZAAR
INE0P1P01017,MARINETRAN
INE04VX01019,SHEETAL
INE0POU01017,GRAPHISAD
INE065J01024,TPHQ
INE0Q5D01013,ACCENTMIC
INE0R1601012,PRESSTONIC
INE0KQN01018,BAJEL
INF251K01SU9,BBNPPGOLD
INE0F3301020,SJLOGISTIC
INE321T01012,DOMS
INE922K01024,INDIASHLTR
INE616N01034,INOXINDIA
INE02S501018,SHREEOSFM
INE024D01016,PRUDMOULI
INE0FRK01012,MOTISONS
INE046W01019,MUTHOOTMF
INE843S01025,SURAJEST
INE0Q1W01012,EFORCE
INE330T01021,HAPPYFORGE
INE220Q01020,MUFTI
INE0PEQ01016,RBZJEWEL
INE02IJ01035,AZAD
INE0ECP01024,HMAAGRO
INE0PS301014,INDIFRA
INE0DUT01020,INNOVACAP
INE0Q3R01026,SUNCLAY
INE0QHG01026,SUPREMEPWR
INE0QD201012,TECHLABS
INE0PZA01015,SAIFL
INE0PCY01014,AKANKSHA
INE0R3501012,HRHNEXT
INE0RCG01017,KCEIL
INE239A01024,NESTLEIND
INE940H01022,PGIL
INE0Q2V01012,KLL
INE704P01025,COCHINSHIP
INE0PSC01024,DIGIDRIVE
INE0O7401018,IBLFL
INE980O01024,JYOTICNC
INF277KA1976,TATAGOLD
INF277KA1984,TATSILV
INE0P0001010,APS
INE073V01015,COMSYN
INE0ECC01022,MAXPOSURE
INE456Z01021,MEDIASSIST
INF0R8F01034,LIQUIDCASE
INE179G01011,DAVANGERE
INE0LCW01025,ISHAN
INF0QA701714,BANKBETF
INE920A01037,DOLPHIN
INF0QA701722,NIFTYBETF
INE0G5901015,EPACK
INE0QEI01011,KONSTELEC
INE0RDH01021,LAWSIKHO
INE02H701025,NOVAAGRI
INF789F1AZD8,NIFITETF
INE0SK801018,DELAPLEX
INE0OGG01015,DHTL
INE0Q4701019,FONEBOX
INF179KC1HY0,HDFCNIFBAN
INF179KC1IA8,HDFCNIFIT
INF179KC1HZ7,HDFCPVTBAN
INF179KC1HX2,HDFCSENSEX
INE531R01010,MEGATHERM
INF789F1AZF3,NIF10GETF
INF789F1AZE6,NIF5GETF
INE0JFJ01011,BAWEJA
INE0NLT01010,BLSE
INE234I01028,KAUSHALYA
INF179KC1HW4,HDFCPSUBK
INF740KA1UF4,HEALTHADD
INE0R7R01018,ITALIANE
INE988S01028,PARKHOTELS
INE646H01017,CAPITALSFB
INE953L01027,JSFB
INE794W01014,MODTHREAD
INE0J1F01024,RPTECH
INE0KGZ01021,SIGNPOST
INE0R4701017,ALPEXSOLAR
INE010601016,ENTERO
INE517M01028,POLYSIL
INF767K01RN1,LICNMID100
INE623Y01011,WTICAB
INE0QTF01015,VSTL
INE05DH01017,ATMASTCO
INE0RQZ01017,ESCONET
INE0OPC01015,INM
INE02M801018,KTL
INE0QJL01014,TCL
INE586O01011,DEEM
INE626A01014,SAURASHCEM
INE0QWN01013,ZENITHDRUG
INE696F01016,JUNIPER
INE486R01017,GPTHEALTH
INF769K01LC3,SMALLCAP
INF109KC10V2,AUTOIETF
INF0R8F01042,GOLDCASE
INF109KC19U5,LOWVOLIETF
INF109KC11V0,NV20IETF
INF109KC18U7,PVTBANIETF
INE0K5H01010,SADHAV
INE0R8M01017,OWAIS
INE180C01042,CGCL
INE777F01014,EXICOM
INE0PT501018,PLATIND
INE0R6C01012,PURVFLEXI
INE00VM01036,MANORAMA
INE0CG401037,MUKKA
INE0SGC01015,MVKAGRO
INE326T01011,NIRAJISPAT
INE572G01025,LANCORHOL
INE0NQ801033,RKSWAMY
INE0QQM01017,VR
INE0MB501011,JGCHEM
INE0Q6H01012,SONAMAC
INE0L9R01028,GOPAL
INE0S4Y01010,SHREEKARNI
INE0QA601016,PRATHAM
INE772T01024,PVSL
INE0PB301013,SCILAL
INE0RDE01010,SIGNORIA
INE0R9401019,AVPINFRA
INE0QN801017,KRYSTAL
INF247L01CI4,MOREALTY
INF247L01CH6,MOSMALL250
INE0S3X01014,ENFUSE
INE0R9I01013,ENSER
INE056I01025,REFEX
INE740X01023,LAL
INE262H01021,PERSISTENT
INE0S2E01016,VISHWAS
INE0RJM01010,NAMAN
INE416A01044,SABTNL
INE0S7801010,ASPIRE
INE0SAK01011,BLUEPEBBLE
INF740KA1UM0,LIQUIDADD
INE0R6Z01013,SRM
INE048C01025,VHLTD
INE0SWN01019,TRUST
INE0EEJ01023,BTML
INE509F01029,CUPID
INE430U01019,RADIOWALLA
INE0SOY01013,TAC
INE0DEZ01013,K2INFRA
INE0TO601017,YASHOPTICS
INE0STM01017,ALUWIND
INE0R7401011,CGRAPHICS
INE985A01022,SINCLAIR
INE343G01021,BHARTIHEXA
INE0S8401018,DCG
INE0K6601012,TGL
INE899L01030,UEL
INE05ST01028,SBGLP
INE206F01022,AIIL
INE0PC901019,BIRDYS
INE0RJH01010,RBS
INE464A01036,BBL
INE350Z01018,GLOSTERLTD
INE011E01029,BALUFORGE
INE0OAF01028,JNKINDIA
INE414D01027,BHAGCHEM
INE185E01013,FILATFASH
INF109KC17V7,ALPL30IETF
INF109KC19V3,FMCGIETF
INF109KC11W8,MIDCAPIETF
INF109KC10W0,MIDSELIETF
INF109KC16V9,NIF100IETF
INF109KC18V5,QUAL30IETF
INE0SMA01017,SLONE
INE00LM01029,SONAMLTD
INE065X01017,INDGN
INE0TNX01015,REFRACTORY
INE0S3D01016,WINSOL
INE883F01010,AADHARHFC
INE476A01022,CANBK
INE0STN01015,SILKFLEX
INE673O01025,TBOTEK
INE0S1L01013,EMMIL
INE0CFG01012,PRLIND
INE835A01029,VARDMNPOLY
INE0QRV01016,ABSMARINE
INE0R3T01013,MANDEEP
INE0SRI01019,VERITAAS
INE0RRU01016,IEML
INF209KB19Z4,ABSLPSE
INE03JT01014,GODIGIT
INE0TNW01017,QUESTLAB
INE0S6S01017,HOACFOODS
INE0R7301013,RULKA
INE171Z01026,BDL
INE480C01038,SDBL
INF769K01LJ8,MIDSMALL
INE108V01019,AWFIS
INE618N01022,BALAXI
INE179G01029,DAVANGERE
INE0SQY01018,GSMFOILS
INF0QA701854,LIQUIDBETF
INE0AZY01017,VILAS
INE639X01027,BEACON
INE0ISZ01012,ZTECH
INE0RUV01018,AIMTRON
INE02L001032,BOROSCI
INE0N2D01013,TBI
INE0ATZ01017,KRONOX
INE0HV901016,IXIGO
INE0BTI01037,KAMOPAINTS
INF0R8F01059,MID150CASE
INF0R8F01067,TOP100CASE
INE863B01029,PREMEXPLN
INF251K01TL6,BBNPNBETF
INE0S7E01015,GPECO
INE0PQK01013,FALCONTECH
INE916Y01019,AFIL
INE841L01016,DEEDEV
INE0OUW01013,DURLAX
INE03DD01011,RETAIL
INE0S9101013,WINNY
INE932X01026,SHAREINDIA
INE0PE401018,MEDIORG
INE323B01024,AVONMORE
INE01A001028,STANLEY
INE0T7B01010,SPCL
INE0SH001010,MASON
INE0BHK01012,VISAMAN
INE01IH01015,SYLVANPLY
INE0SCO01019,DPEL
INE998U01015,PCCL
INE0PMR01017,AKIKO
INE552Z01027,ABDL
INE0S2V01010,VRAJ
INE0JRD01019,DTL
INE0SUN01013,NEPHROCARE
INE474C01023,REMSONSIND
INE188Y01023,VERTOZ
INF200KB1217,SBISILVER
INF680P01422,LIQUIDSHRI
INE0B9K01025,BANSALWIRE
INE457L01029,PGEL
INE168P01015,EMCURE
INF209KC1134,ABGSEC
INE0M3I01029,AMBEY
INE0R8C01018,GGBL
INE0U9101019,EFFWA
INE976R01017,AGIIL
INF769K01LQ3,EVINDIA
INE542W01025,KPIGREEN
INE0P4701011,SAHAJSOLAR
INE205B01031,ELECON
INE0RPM01017,SATIPOLY
INE0V9N01017,PRIZOR
INE326B01035,ALMONDZ
INE0OXV01027,TUNWAL
INF200KB1282,SBINEQWETF
INE0SVY01018,KATARIA
INF109KC18W3,OILIETF
INE0R0J01010,MACOBSTECH
INE999A01023,KSB
INE08NE01025,SANSTAR
INE0SA001017,RNFI
INE206N01018,RELTD
INE0QXL01015,VLINFRA
INE005B01027,AVANTEL
INE0U1T01012,CHETANA
INE0R3101011,MIEL
INE0LQG01010,APRAMEYA
INE0SYV01018,TROM
INE0BSN01013,SATECH
INE0SBP01018,ESPRIT
INE0RFP01011,SSEGL
INE09XN01023,AKUMS
INE0LAA01017,ASHALOG
INE0SZ301012,BULKCORP
INE0PCU01012,RAJINDLTD
INE06IJ01010,UTSSAV
INE912T01018,RPEL
INE0AG901020,CEIGALL
INE642C01025,RUBFILA
INE0YRN01017,DHARIWAL
INE542Z01028,KAPSTON
INE0OMO01025,CELLECOR
INE0YAL01017,PPSL
INE573K01025,RUSHIL
INE01C001026,AARTECH
INE0LXG01040,OLAELEC
INE185E01021,FILATFASH
INF666M01IH2,GROWWEV
INE00U401027,UNIECOM
INE02RE01045,FIRSTCRY
INE0TSF01011,AESTHETIK
INE545L01039,MANCREDIT
INF209KC1142,GSEC10ABSL
INE0PQ101010,SSDL
INE442P01014,SUYOG
INE0U2N01013,SUNLITE
INF109KC19W1,METALIETF
INE0S3H01017,POSITRON
INE0U0201016,BALCO
INE0R4Z01018,BRACEPORT
INE00M901018,INTERARCH
INE0U2501017,FORCAS
INE0URU01010,GLOBALE
INF247L01DJ0,MODEFENCE
INE0US801024,MFML
INE0T9I01011,IDEALTECHO
INE0KZF01015,QVCEL
INE0PPK01015,ORIENTTECH
INE713C01016,SURAJLTD
INE0DHF01018,IPHL
INE0BS701011,PREMIERENE
INE0SMY01017,JAYBEE
INE0U2M01015,VDEAL
INE0WL801011,AERON
INE0S2W01018,PARAMATRIX
INE06HJ01020,ECOSMOBLTY
INE806T01020,SAPPHIRE
INF769K01LX9,MULTICAP
INE02ID01020,RAYMONDLSL
INE0QNI01012,BOSS
INE01FR01028,STYLEBAAZA
